source,snapshot,path,hash,kind,check_type,status,reason
codex/ui-integration,d2908a9c3efe35e4ee06ff30c93a676ac57c2c8b,.codex/config.toml,6456d5aa7c32b9f2cb361a6cf35d8c2cd0ff8ae1,text,full_text_review,read,
codex/ui-integration,d2908a9c3efe35e4ee06ff30c93a676ac57c2c8b,.gitignore,0a1f4049e118315be57a87f5def756efd7306d21,text,full_text_review,read,
codex/ui-integration,d2908a9c3efe35e4ee06ff30c93a676ac57c2c8b,HackAlem_AI_Граф_денег_восстановление_финансовой_структуры_организованной.md,d463af36615c924c2c7d6350583a5bed14f6e926,text,full_text_review,read,
codex/ui-integration,d2908a9c3efe35e4ee06ff30c93a676ac57c2c8b,Makefile,097fc3e2254c651126a9bf6a28a6002d06c24a4a,text,full_text_review,read,
codex/ui-integration,d2908a9c3efe35e4ee06ff30c93a676ac57c2c8b,README.md,52ad1c3678b7ba962ed35ce74713f754d1b197d6,text,full_text_review,read,
codex/ui-integration,d2908a9c3efe35e4ee06ff30c93a676ac57c2c8b,api/__init__.py,e69de29bb2d1d6434b8b29ae775ad8c2e48c5391,text,full_text_review,read,
codex/ui-integration,d2908a9c3efe35e4ee06ff30c93a676ac57c2c8b,api/__pycache__/__init__.cpython-314.pyc,b6a509697c6595886c35770ce36711c844203cce,vendor/bytecode,inventory_only,excluded_generated_or_vendor,Third-party vendor or generated bytecode; not project source.
codex/ui-integration,d2908a9c3efe35e4ee06ff30c93a676ac57c2c8b,api/__pycache__/main.cpython-314.pyc,b51e3ad3267cb2babb3ed4fa3ac22a55b8decbbe,vendor/bytecode,inventory_only,excluded_generated_or_vendor,Third-party vendor or generated bytecode; not project source.
codex/ui-integration,d2908a9c3efe35e4ee06ff30c93a676ac57c2c8b,api/main.py,2c1f5ff5e10dfb244218031b4cd0a21bd3ab201c,text,full_text_review,read,
codex/ui-integration,d2908a9c3efe35e4ee06ff30c93a676ac57c2c8b,data/edges.parquet,a2f957eac43af647391523a5da77c625f5e12b66,data,source_data_invariants,parsed,
codex/ui-integration,d2908a9c3efe35e4ee06ff30c93a676ac57c2c8b,data/nodes.parquet,a312bab63f4e5c4ed4471298789ffbdea612c1d7,data,source_data_invariants,parsed,
codex/ui-integration,d2908a9c3efe35e4ee06ff30c93a676ac57c2c8b,data/transactions.parquet,ab7f49293607c32f28f3daa9403fc7b0ea903ec1,data,source_data_invariants,parsed,
codex/ui-integration,d2908a9c3efe35e4ee06ff30c93a676ac57c2c8b,dataset 4.md,c151e1e61fea99b27e79b49406073dd9e192f80a,text,full_text_review,read,
codex/ui-integration,d2908a9c3efe35e4ee06ff30c93a676ac57c2c8b,out/clusters.csv,ccac5e26c037b4ab3b8cc13343eb59e7780c6d53,data,committed_csv_json_parse,parsed,
codex/ui-integration,d2908a9c3efe35e4ee06ff30c93a676ac57c2c8b,out/features.parquet,98374a0ccf8f4d807eb5e966f4ad83f71aadb0ac,data,inventory_only,not_reviewed,Generated features parquet not independently parsed; CSV/JSON exports and source reviewed.
codex/ui-integration,d2908a9c3efe35e4ee06ff30c93a676ac57c2c8b,out/graph.json,a405934a279363e77e0d78b3b0c8290a6eb2e340,data,committed_csv_json_parse,parsed,
codex/ui-integration,d2908a9c3efe35e4ee06ff30c93a676ac57c2c8b,out/nodes_roles.csv,3e9b2cd528db9133054f767de5281a51b67bbc97,data,committed_csv_json_parse,parsed,
codex/ui-integration,d2908a9c3efe35e4ee06ff30c93a676ac57c2c8b,out/resilience.json,68e223450f8e629db1bdac9f8db69e84e296056d,data,committed_csv_json_parse,parsed,
codex/ui-integration,d2908a9c3efe35e4ee06ff30c93a676ac57c2c8b,out/summary.json,d1fba69f288aac60b1b4b8125bc5633d99eb354f,data,committed_csv_json_parse,parsed,
codex/ui-integration,d2908a9c3efe35e4ee06ff30c93a676ac57c2c8b,out/top_nodes.csv,ab0dd17c372f6fc705671f020887b91d2cca1eb1,data,committed_csv_json_parse,parsed,
codex/ui-integration,d2908a9c3efe35e4ee06ff30c93a676ac57c2c8b,pipeline/__init__.py,fc96f5b3788640fe0318ee8fb3854afbbb2babc2,text,full_text_review,read,
codex/ui-integration,d2908a9c3efe35e4ee06ff30c93a676ac57c2c8b,pipeline/__main__.py,0b64e31c5a83ec5fd539ab68800fedcd5d54cef8,text,full_text_review,read,
codex/ui-integration,d2908a9c3efe35e4ee06ff30c93a676ac57c2c8b,pipeline/__pycache__/__init__.cpython-311.pyc,6e2809f6b16e9e39f5fc82096f28d449df9ef5fb,vendor/bytecode,inventory_only,excluded_generated_or_vendor,Third-party vendor or generated bytecode; not project source.
codex/ui-integration,d2908a9c3efe35e4ee06ff30c93a676ac57c2c8b,pipeline/__pycache__/__init__.cpython-313.pyc,efcc1e83b1c3479cb4bb62073ffe6c6533ce48f6,vendor/bytecode,inventory_only,excluded_generated_or_vendor,Third-party vendor or generated bytecode; not project source.
codex/ui-integration,d2908a9c3efe35e4ee06ff30c93a676ac57c2c8b,pipeline/__pycache__/__main__.cpython-311.pyc,9b5fd9d7f2b49d7c8e230a103996927e0aa31ab4,vendor/bytecode,inventory_only,excluded_generated_or_vendor,Third-party vendor or generated bytecode; not project source.
codex/ui-integration,d2908a9c3efe35e4ee06ff30c93a676ac57c2c8b,pipeline/__pycache__/__main__.cpython-313.pyc,4932828de7db9e5c03d7744983846e4fbd4483ef,vendor/bytecode,inventory_only,excluded_generated_or_vendor,Third-party vendor or generated bytecode; not project source.
codex/ui-integration,d2908a9c3efe35e4ee06ff30c93a676ac57c2c8b,pipeline/__pycache__/clusters.cpython-311.pyc,fffcc1299775a382c6098df432016ee0af90ea0c,vendor/bytecode,inventory_only,excluded_generated_or_vendor,Third-party vendor or generated bytecode; not project source.
codex/ui-integration,d2908a9c3efe35e4ee06ff30c93a676ac57c2c8b,pipeline/__pycache__/clusters.cpython-313.pyc,3fc10d72a21453603fe87334679a2a7069abe982,vendor/bytecode,inventory_only,excluded_generated_or_vendor,Third-party vendor or generated bytecode; not project source.
codex/ui-integration,d2908a9c3efe35e4ee06ff30c93a676ac57c2c8b,pipeline/__pycache__/export.cpython-311.pyc,427f67772eb163d11f959bc953c384302645ec36,vendor/bytecode,inventory_only,excluded_generated_or_vendor,Third-party vendor or generated bytecode; not project source.
codex/ui-integration,d2908a9c3efe35e4ee06ff30c93a676ac57c2c8b,pipeline/__pycache__/export.cpython-313.pyc,ab87dce3ebf93c4b098f3c08e1fb8d0d94da8b62,vendor/bytecode,inventory_only,excluded_generated_or_vendor,Third-party vendor or generated bytecode; not project source.
codex/ui-integration,d2908a9c3efe35e4ee06ff30c93a676ac57c2c8b,pipeline/__pycache__/features.cpython-311.pyc,65480cfe4a89ba7d03170653da931ee2d573ab40,vendor/bytecode,inventory_only,excluded_generated_or_vendor,Third-party vendor or generated bytecode; not project source.
codex/ui-integration,d2908a9c3efe35e4ee06ff30c93a676ac57c2c8b,pipeline/__pycache__/features.cpython-313.pyc,cd53ec595d2f9237bdd096d440f64519f6590d4e,vendor/bytecode,inventory_only,excluded_generated_or_vendor,Third-party vendor or generated bytecode; not project source.
codex/ui-integration,d2908a9c3efe35e4ee06ff30c93a676ac57c2c8b,pipeline/__pycache__/layout.cpython-311.pyc,08bd8c258f0e1cd4e01f00dbb5631e9b15fdb924,vendor/bytecode,inventory_only,excluded_generated_or_vendor,Third-party vendor or generated bytecode; not project source.
codex/ui-integration,d2908a9c3efe35e4ee06ff30c93a676ac57c2c8b,pipeline/__pycache__/layout.cpython-313.pyc,522e366f99099333f06e7c3dd654fe3dbfa6a364,vendor/bytecode,inventory_only,excluded_generated_or_vendor,Third-party vendor or generated bytecode; not project source.
codex/ui-integration,d2908a9c3efe35e4ee06ff30c93a676ac57c2c8b,pipeline/__pycache__/load.cpython-311.pyc,30e2e59e1d886b2bb0d041ebfe1927501657f94d,vendor/bytecode,inventory_only,excluded_generated_or_vendor,Third-party vendor or generated bytecode; not project source.
codex/ui-integration,d2908a9c3efe35e4ee06ff30c93a676ac57c2c8b,pipeline/__pycache__/load.cpython-313.pyc,b53adf792543b3dad8b3659cf6749121a1c8395c,vendor/bytecode,inventory_only,excluded_generated_or_vendor,Third-party vendor or generated bytecode; not project source.
codex/ui-integration,d2908a9c3efe35e4ee06ff30c93a676ac57c2c8b,pipeline/__pycache__/roles.cpython-311.pyc,357988adc1f6ad7aa6283dac31fede1dc49754bb,vendor/bytecode,inventory_only,excluded_generated_or_vendor,Third-party vendor or generated bytecode; not project source.
codex/ui-integration,d2908a9c3efe35e4ee06ff30c93a676ac57c2c8b,pipeline/__pycache__/roles.cpython-313.pyc,5e354ba30999bfc52debce06334bb6edfa00375a,vendor/bytecode,inventory_only,excluded_generated_or_vendor,Third-party vendor or generated bytecode; not project source.
codex/ui-integration,d2908a9c3efe35e4ee06ff30c93a676ac57c2c8b,pipeline/__pycache__/scoring.cpython-311.pyc,1f3c84e4500666d388371e9cc3fbf619fa33cfa8,vendor/bytecode,inventory_only,excluded_generated_or_vendor,Third-party vendor or generated bytecode; not project source.
codex/ui-integration,d2908a9c3efe35e4ee06ff30c93a676ac57c2c8b,pipeline/__pycache__/scoring.cpython-313.pyc,45e448c08baa5973f2f5e82af0a6d97a9124543c,vendor/bytecode,inventory_only,excluded_generated_or_vendor,Third-party vendor or generated bytecode; not project source.
codex/ui-integration,d2908a9c3efe35e4ee06ff30c93a676ac57c2c8b,pipeline/clusters.py,a0730e106e1b3e59f50aa496f793cddb9df30c1c,text,full_text_review,read,
codex/ui-integration,d2908a9c3efe35e4ee06ff30c93a676ac57c2c8b,pipeline/config.yaml,d4280b2507b61a3584e3e67a62575ca5f4259466,text,full_text_review,read,
codex/ui-integration,d2908a9c3efe35e4ee06ff30c93a676ac57c2c8b,pipeline/export.py,c0fef5ebbeb46938ebcb125821963953775198be,text,full_text_review,read,
codex/ui-integration,d2908a9c3efe35e4ee06ff30c93a676ac57c2c8b,pipeline/features.py,1241a839f1b796cddcea9a73fff29d9c95e81545,text,full_text_review,read,
codex/ui-integration,d2908a9c3efe35e4ee06ff30c93a676ac57c2c8b,pipeline/layout.py,f77a1b91a6fca8ea89f62b3a476ad2d6e30539b5,text,full_text_review,read,
codex/ui-integration,d2908a9c3efe35e4ee06ff30c93a676ac57c2c8b,pipeline/load.py,62f65647419571da5bf54cc9b40f56d814061b7d,text,full_text_review,read,
codex/ui-integration,d2908a9c3efe35e4ee06ff30c93a676ac57c2c8b,pipeline/roles.py,d9b8232d7a740f3a2b060d2e9d34a60884966620,text,full_text_review,read,
codex/ui-integration,d2908a9c3efe35e4ee06ff30c93a676ac57c2c8b,pipeline/scoring.py,6a7de6d703e01e47dd0679e2bcfb8d6bb75b672d,text,full_text_review,read,
codex/ui-integration,d2908a9c3efe35e4ee06ff30c93a676ac57c2c8b,requirements.txt,ac1c8d2d5c45f7d11428acb7f780df1b97666a6e,text,full_text_review,read,
codex/ui-integration,d2908a9c3efe35e4ee06ff30c93a676ac57c2c8b,review/check_contract.py,ef137e8674e8799723a2854d4c0be83850c7684a,text,full_text_review,read,
codex/ui-integration,d2908a9c3efe35e4ee06ff30c93a676ac57c2c8b,review/check_rules.py,695644b77bdb13af208567e0841af8d0eda09a9a,text,full_text_review,read,
codex/ui-integration,d2908a9c3efe35e4ee06ff30c93a676ac57c2c8b,review/out1/clusters.csv,ccac5e26c037b4ab3b8cc13343eb59e7780c6d53,data,committed_csv_json_parse,identical_to_reviewed,Same content as codex/ui-integration:out/clusters.csv
codex/ui-integration,d2908a9c3efe35e4ee06ff30c93a676ac57c2c8b,review/out1/features.parquet,c95455b295e169f33da2e4e35794d11a052a6cce,data,inventory_only,not_reviewed,Generated features parquet not independently parsed; CSV/JSON exports and source reviewed.
codex/ui-integration,d2908a9c3efe35e4ee06ff30c93a676ac57c2c8b,review/out1/graph.json,eab75ee72f3246d357ea762e11109fe8f9c8f6d3,data,committed_csv_json_parse,parsed,
codex/ui-integration,d2908a9c3efe35e4ee06ff30c93a676ac57c2c8b,review/out1/nodes_roles.csv,a64056d27877942619e84aa7ec88981e13fd894a,data,committed_csv_json_parse,parsed,
codex/ui-integration,d2908a9c3efe35e4ee06ff30c93a676ac57c2c8b,review/out1/resilience.json,68e223450f8e629db1bdac9f8db69e84e296056d,data,committed_csv_json_parse,identical_to_reviewed,Same content as codex/ui-integration:out/resilience.json
codex/ui-integration,d2908a9c3efe35e4ee06ff30c93a676ac57c2c8b,review/out1/summary.json,fc481496e7cc4c365ab7c27e631340c48743ef9f,data,committed_csv_json_parse,parsed,
codex/ui-integration,d2908a9c3efe35e4ee06ff30c93a676ac57c2c8b,review/out1/top_nodes.csv,ab0dd17c372f6fc705671f020887b91d2cca1eb1,data,committed_csv_json_parse,identical_to_reviewed,Same content as codex/ui-integration:out/top_nodes.csv
codex/ui-integration,d2908a9c3efe35e4ee06ff30c93a676ac57c2c8b,review/out2/clusters.csv,ccac5e26c037b4ab3b8cc13343eb59e7780c6d53,data,committed_csv_json_parse,identical_to_reviewed,Same content as codex/ui-integration:out/clusters.csv
codex/ui-integration,d2908a9c3efe35e4ee06ff30c93a676ac57c2c8b,review/out2/features.parquet,c95455b295e169f33da2e4e35794d11a052a6cce,data,inventory_only,not_reviewed,Generated features parquet not independently parsed; CSV/JSON exports and source reviewed.
codex/ui-integration,d2908a9c3efe35e4ee06ff30c93a676ac57c2c8b,review/out2/graph.json,eab75ee72f3246d357ea762e11109fe8f9c8f6d3,data,committed_csv_json_parse,identical_to_reviewed,Same content as codex/ui-integration:review/out1/graph.json
codex/ui-integration,d2908a9c3efe35e4ee06ff30c93a676ac57c2c8b,review/out2/nodes_roles.csv,a64056d27877942619e84aa7ec88981e13fd894a,data,committed_csv_json_parse,identical_to_reviewed,Same content as codex/ui-integration:review/out1/nodes_roles.csv
codex/ui-integration,d2908a9c3efe35e4ee06ff30c93a676ac57c2c8b,review/out2/resilience.json,68e223450f8e629db1bdac9f8db69e84e296056d,data,committed_csv_json_parse,identical_to_reviewed,Same content as codex/ui-integration:out/resilience.json
codex/ui-integration,d2908a9c3efe35e4ee06ff30c93a676ac57c2c8b,review/out2/summary.json,7088232a523bcd4e3a13296b469eb41df7e4515d,data,committed_csv_json_parse,parsed,
codex/ui-integration,d2908a9c3efe35e4ee06ff30c93a676ac57c2c8b,review/out2/top_nodes.csv,ab0dd17c372f6fc705671f020887b91d2cca1eb1,data,committed_csv_json_parse,identical_to_reviewed,Same content as codex/ui-integration:out/top_nodes.csv
codex/ui-integration,d2908a9c3efe35e4ee06ff30c93a676ac57c2c8b,scripts/__pycache__/make_mock_out.cpython-314.pyc,30f58b8ff9a57bd4c707208372b4ab9d4f5d2a9c,vendor/bytecode,inventory_only,excluded_generated_or_vendor,Third-party vendor or generated bytecode; not project source.
codex/ui-integration,d2908a9c3efe35e4ee06ff30c93a676ac57c2c8b,scripts/make_mock_out.py,408a16ae59a0dc7c4205488f0809f9400d939df4,text,full_text_review,read,
codex/ui-integration,d2908a9c3efe35e4ee06ff30c93a676ac57c2c8b,starter/README.md,56471688e23ca1d42387227bf8a814ac05f9ba81,text,full_text_review,read,
codex/ui-integration,d2908a9c3efe35e4ee06ff30c93a676ac57c2c8b,starter/requirements.txt,b3d998a6f388d2135f7bac7ae3a95a80f1133148,text,full_text_review,read,
codex/ui-integration,d2908a9c3efe35e4ee06ff30c93a676ac57c2c8b,starter/starter.py,fd21468633d6b9d9d9a76ce008a3d09a5cdd917f,text,full_text_review,read,
codex/ui-integration,d2908a9c3efe35e4ee06ff30c93a676ac57c2c8b,tests/__pycache__/conftest.cpython-314-pytest-9.0.3.pyc,f7e20f1b88b29b7e8dbaa8683af182fe470157d5,vendor/bytecode,inventory_only,excluded_generated_or_vendor,Third-party vendor or generated bytecode; not project source.
codex/ui-integration,d2908a9c3efe35e4ee06ff30c93a676ac57c2c8b,tests/__pycache__/test_api.cpython-314-pytest-9.0.3.pyc,0a1329f716ed509f51ea7f2cf97934c083fc7a76,vendor/bytecode,inventory_only,excluded_generated_or_vendor,Third-party vendor or generated bytecode; not project source.
codex/ui-integration,d2908a9c3efe35e4ee06ff30c93a676ac57c2c8b,tests/__pycache__/test_pipeline.cpython-313-pytest-8.3.2.pyc,fac656902f625d0914595155102ea73286f5ddbb,vendor/bytecode,inventory_only,excluded_generated_or_vendor,Third-party vendor or generated bytecode; not project source.
codex/ui-integration,d2908a9c3efe35e4ee06ff30c93a676ac57c2c8b,tests/conftest.py,2a855d9fdb8debae0b082088580a4c41e499e33c,text,full_text_review,read,
codex/ui-integration,d2908a9c3efe35e4ee06ff30c93a676ac57c2c8b,tests/test_api.py,44adab80698480a06313fd845f64ea0d94761c9c,text,full_text_review,read,
codex/ui-integration,d2908a9c3efe35e4ee06ff30c93a676ac57c2c8b,tests/test_pipeline.py,b1b68857587c81dd99eb0f3c52ede30ef276c486,text,full_text_review,read,
codex/ui-integration,d2908a9c3efe35e4ee06ff30c93a676ac57c2c8b,web/app.js,886e63a3e59350b0236e551f04f15c45f80b3b1d,text,full_text_review,read,
codex/ui-integration,d2908a9c3efe35e4ee06ff30c93a676ac57c2c8b,web/index.html,f6449fc2ddaf4a737c708604505b38e1efc1ce49,text,full_text_review,read,
codex/ui-integration,d2908a9c3efe35e4ee06ff30c93a676ac57c2c8b,web/style.css,988e9593a34bfffe10b6c27023d732c1daa64158,text,full_text_review,read,
codex/ui-integration,d2908a9c3efe35e4ee06ff30c93a676ac57c2c8b,web/vendor/cytoscape.min.js,9a4615d1524d3f1e2f8aedb6f4a530d872214498,vendor/bytecode,inventory_only,excluded_generated_or_vendor,Third-party vendor or generated bytecode; not project source.
main,3e3f6e49da69b458a80fd9a0965852b6f0c87cb8,.codex/config.toml,6456d5aa7c32b9f2cb361a6cf35d8c2cd0ff8ae1,text,full_text_review,identical_to_reviewed,Same content as codex/ui-integration:.codex/config.toml
main,3e3f6e49da69b458a80fd9a0965852b6f0c87cb8,.gitignore,0a1f4049e118315be57a87f5def756efd7306d21,text,full_text_review,identical_to_reviewed,Same content as codex/ui-integration:.gitignore
main,3e3f6e49da69b458a80fd9a0965852b6f0c87cb8,Makefile,097fc3e2254c651126a9bf6a28a6002d06c24a4a,text,full_text_review,identical_to_reviewed,Same content as codex/ui-integration:Makefile
main,3e3f6e49da69b458a80fd9a0965852b6f0c87cb8,README.md,52ad1c3678b7ba962ed35ce74713f754d1b197d6,text,full_text_review,identical_to_reviewed,Same content as codex/ui-integration:README.md
main,3e3f6e49da69b458a80fd9a0965852b6f0c87cb8,api/__init__.py,e69de29bb2d1d6434b8b29ae775ad8c2e48c5391,text,full_text_review,identical_to_reviewed,Same content as codex/ui-integration:api/__init__.py
main,3e3f6e49da69b458a80fd9a0965852b6f0c87cb8,api/__pycache__/__init__.cpython-313.pyc,bfec7f5e6183897a84f7be69c90fa46dd1486acf,vendor/bytecode,inventory_only,excluded_generated_or_vendor,Third-party vendor or generated bytecode; not project source.
main,3e3f6e49da69b458a80fd9a0965852b6f0c87cb8,api/__pycache__/__init__.cpython-314.pyc,b6a509697c6595886c35770ce36711c844203cce,vendor/bytecode,inventory_only,excluded_generated_or_vendor,Third-party vendor or generated bytecode; not project source.
main,3e3f6e49da69b458a80fd9a0965852b6f0c87cb8,api/__pycache__/main.cpython-313.pyc,73dd58cfdac834f4e7ec85fe839206153e7e68a0,vendor/bytecode,inventory_only,excluded_generated_or_vendor,Third-party vendor or generated bytecode; not project source.
main,3e3f6e49da69b458a80fd9a0965852b6f0c87cb8,api/__pycache__/main.cpython-314.pyc,b51e3ad3267cb2babb3ed4fa3ac22a55b8decbbe,vendor/bytecode,inventory_only,excluded_generated_or_vendor,Third-party vendor or generated bytecode; not project source.
main,3e3f6e49da69b458a80fd9a0965852b6f0c87cb8,api/main.py,2c1f5ff5e10dfb244218031b4cd0a21bd3ab201c,text,full_text_review,identical_to_reviewed,Same content as codex/ui-integration:api/main.py
main,3e3f6e49da69b458a80fd9a0965852b6f0c87cb8,data/edges.parquet,a2f957eac43af647391523a5da77c625f5e12b66,data,source_data_invariants,identical_to_reviewed,Same content as codex/ui-integration:data/edges.parquet
main,3e3f6e49da69b458a80fd9a0965852b6f0c87cb8,data/nodes.parquet,a312bab63f4e5c4ed4471298789ffbdea612c1d7,data,source_data_invariants,identical_to_reviewed,Same content as codex/ui-integration:data/nodes.parquet
main,3e3f6e49da69b458a80fd9a0965852b6f0c87cb8,data/transactions.parquet,ab7f49293607c32f28f3daa9403fc7b0ea903ec1,data,source_data_invariants,identical_to_reviewed,Same content as codex/ui-integration:data/transactions.parquet
main,3e3f6e49da69b458a80fd9a0965852b6f0c87cb8,dataset 4.md,c151e1e61fea99b27e79b49406073dd9e192f80a,text,full_text_review,identical_to_reviewed,Same content as codex/ui-integration:dataset 4.md
main,3e3f6e49da69b458a80fd9a0965852b6f0c87cb8,out/clusters.csv,a5fc08938999cce4438d9b26def60b70fbf8704b,data,committed_csv_json_parse,parsed,
main,3e3f6e49da69b458a80fd9a0965852b6f0c87cb8,out/features.parquet,e71f525e6cb2be7ab8a39899394fd522b094db9a,data,inventory_only,not_reviewed,Generated features parquet not independently parsed; CSV/JSON exports and source reviewed.
main,3e3f6e49da69b458a80fd9a0965852b6f0c87cb8,out/graph.json,b348123fd79a596479c6b808e7565f10264345a6,data,committed_csv_json_parse,parsed,
main,3e3f6e49da69b458a80fd9a0965852b6f0c87cb8,out/nodes_roles.csv,02ce8451227ee1bcceef2f53121f0a374ea65e3c,data,committed_csv_json_parse,parsed,
main,3e3f6e49da69b458a80fd9a0965852b6f0c87cb8,out/resilience.json,a4a3435c5d46dc68eb4ca83b328771d4604e7c8e,data,committed_csv_json_parse,parsed,
main,3e3f6e49da69b458a80fd9a0965852b6f0c87cb8,out/summary.json,b1e37beabdcd9d2ba5958619efaee208c3271c6c,data,committed_csv_json_parse,parsed,
main,3e3f6e49da69b458a80fd9a0965852b6f0c87cb8,out/top_nodes.csv,5445858e0408e6b2ea338d077e75b2997aee378d,data,committed_csv_json_parse,parsed,
main,3e3f6e49da69b458a80fd9a0965852b6f0c87cb8,pipeline/__init__.py,fc96f5b3788640fe0318ee8fb3854afbbb2babc2,text,full_text_review,identical_to_reviewed,Same content as codex/ui-integration:pipeline/__init__.py
main,3e3f6e49da69b458a80fd9a0965852b6f0c87cb8,pipeline/__main__.py,e6ad5c1d0379860d7e36623e7379346a70493897,text,full_text_review,read,
main,3e3f6e49da69b458a80fd9a0965852b6f0c87cb8,pipeline/__pycache__/__init__.cpython-311.pyc,119737899bf5f7eb6e24cd61d313f20be52ec8b8,vendor/bytecode,inventory_only,excluded_generated_or_vendor,Third-party vendor or generated bytecode; not project source.
main,3e3f6e49da69b458a80fd9a0965852b6f0c87cb8,pipeline/__pycache__/__init__.cpython-313.pyc,84ec1bde4687e3357fcc1500338af95d8d3b525d,vendor/bytecode,inventory_only,excluded_generated_or_vendor,Third-party vendor or generated bytecode; not project source.
main,3e3f6e49da69b458a80fd9a0965852b6f0c87cb8,pipeline/__pycache__/__main__.cpython-311.pyc,fe78cba6b6d84c4e4856e9aba4be4891e7f17854,vendor/bytecode,inventory_only,excluded_generated_or_vendor,Third-party vendor or generated bytecode; not project source.
main,3e3f6e49da69b458a80fd9a0965852b6f0c87cb8,pipeline/__pycache__/__main__.cpython-313.pyc,b1ab23ba736c13185f724bdc494a6be8bd5e229b,vendor/bytecode,inventory_only,excluded_generated_or_vendor,Third-party vendor or generated bytecode; not project source.
main,3e3f6e49da69b458a80fd9a0965852b6f0c87cb8,pipeline/__pycache__/clusters.cpython-311.pyc,772c3b4fddcdd5092e93dd653343cb0c516b8c91,vendor/bytecode,inventory_only,excluded_generated_or_vendor,Third-party vendor or generated bytecode; not project source.
main,3e3f6e49da69b458a80fd9a0965852b6f0c87cb8,pipeline/__pycache__/clusters.cpython-313.pyc,c4d211d4da98226d88607021168a7782ba75f544,vendor/bytecode,inventory_only,excluded_generated_or_vendor,Third-party vendor or generated bytecode; not project source.
main,3e3f6e49da69b458a80fd9a0965852b6f0c87cb8,pipeline/__pycache__/export.cpython-311.pyc,259b950c634f96a1c6a1d6e359b6d3b2a62cca78,vendor/bytecode,inventory_only,excluded_generated_or_vendor,Third-party vendor or generated bytecode; not project source.
main,3e3f6e49da69b458a80fd9a0965852b6f0c87cb8,pipeline/__pycache__/export.cpython-313.pyc,f2b62c144788385a0513cf404be9dd3c76f3625c,vendor/bytecode,inventory_only,excluded_generated_or_vendor,Third-party vendor or generated bytecode; not project source.
main,3e3f6e49da69b458a80fd9a0965852b6f0c87cb8,pipeline/__pycache__/features.cpython-311.pyc,b8528bd9b4e5917255736d9e119de814ac3708ee,vendor/bytecode,inventory_only,excluded_generated_or_vendor,Third-party vendor or generated bytecode; not project source.
main,3e3f6e49da69b458a80fd9a0965852b6f0c87cb8,pipeline/__pycache__/features.cpython-313.pyc,501e4d29feb471bfc631f31f80067c8ccd0bddf8,vendor/bytecode,inventory_only,excluded_generated_or_vendor,Third-party vendor or generated bytecode; not project source.
main,3e3f6e49da69b458a80fd9a0965852b6f0c87cb8,pipeline/__pycache__/flow.cpython-311.pyc,d47193f1c466faf9528629f0dc61f312b5b32273,vendor/bytecode,inventory_only,excluded_generated_or_vendor,Third-party vendor or generated bytecode; not project source.
main,3e3f6e49da69b458a80fd9a0965852b6f0c87cb8,pipeline/__pycache__/flow.cpython-313.pyc,77748c04054dcccabde3a7196f4d33a2a1060eb0,vendor/bytecode,inventory_only,excluded_generated_or_vendor,Third-party vendor or generated bytecode; not project source.
main,3e3f6e49da69b458a80fd9a0965852b6f0c87cb8,pipeline/__pycache__/frontier.cpython-311.pyc,ad4d39f0ad32a3a12ef7d57d67a5defdaa46dd9a,vendor/bytecode,inventory_only,excluded_generated_or_vendor,Third-party vendor or generated bytecode; not project source.
main,3e3f6e49da69b458a80fd9a0965852b6f0c87cb8,pipeline/__pycache__/frontier.cpython-313.pyc,2e9663de5a1e981cf050ce2ede31d14a474e6652,vendor/bytecode,inventory_only,excluded_generated_or_vendor,Third-party vendor or generated bytecode; not project source.
main,3e3f6e49da69b458a80fd9a0965852b6f0c87cb8,pipeline/__pycache__/layout.cpython-311.pyc,7527ca0905c3bba66713037dfca8b0087b44af6c,vendor/bytecode,inventory_only,excluded_generated_or_vendor,Third-party vendor or generated bytecode; not project source.
main,3e3f6e49da69b458a80fd9a0965852b6f0c87cb8,pipeline/__pycache__/layout.cpython-313.pyc,2a88e69b51f42794587ebe62f5313dccd2cd8ddb,vendor/bytecode,inventory_only,excluded_generated_or_vendor,Third-party vendor or generated bytecode; not project source.
main,3e3f6e49da69b458a80fd9a0965852b6f0c87cb8,pipeline/__pycache__/load.cpython-311.pyc,bd86c8f7c80444a8a2c65b2e6f5d7bceb126263a,vendor/bytecode,inventory_only,excluded_generated_or_vendor,Third-party vendor or generated bytecode; not project source.
main,3e3f6e49da69b458a80fd9a0965852b6f0c87cb8,pipeline/__pycache__/load.cpython-313.pyc,458f3a7d32654cc1c0fb073051adeb611492cbb1,vendor/bytecode,inventory_only,excluded_generated_or_vendor,Third-party vendor or generated bytecode; not project source.
main,3e3f6e49da69b458a80fd9a0965852b6f0c87cb8,pipeline/__pycache__/resilience.cpython-311.pyc,667dcdc355a28250653a1062b0e2ffa471d820b6,vendor/bytecode,inventory_only,excluded_generated_or_vendor,Third-party vendor or generated bytecode; not project source.
main,3e3f6e49da69b458a80fd9a0965852b6f0c87cb8,pipeline/__pycache__/resilience.cpython-313.pyc,c4d6ab4f4cd0d4ea7f46433e057482130a6f2782,vendor/bytecode,inventory_only,excluded_generated_or_vendor,Third-party vendor or generated bytecode; not project source.
main,3e3f6e49da69b458a80fd9a0965852b6f0c87cb8,pipeline/__pycache__/roles.cpython-311.pyc,7abcdedb8fe7ba96b616106afba891b064f88240,vendor/bytecode,inventory_only,excluded_generated_or_vendor,Third-party vendor or generated bytecode; not project source.
main,3e3f6e49da69b458a80fd9a0965852b6f0c87cb8,pipeline/__pycache__/roles.cpython-313.pyc,4b3a7f8074c81a967cdac68ed3ada0e509c21dc1,vendor/bytecode,inventory_only,excluded_generated_or_vendor,Third-party vendor or generated bytecode; not project source.
main,3e3f6e49da69b458a80fd9a0965852b6f0c87cb8,pipeline/__pycache__/scoring.cpython-311.pyc,7122c92fba843e458d46721982011bada6ecdb1c,vendor/bytecode,inventory_only,excluded_generated_or_vendor,Third-party vendor or generated bytecode; not project source.
main,3e3f6e49da69b458a80fd9a0965852b6f0c87cb8,pipeline/__pycache__/scoring.cpython-313.pyc,5cc465abb0be8fc3a8658f850cb86d769836f67c,vendor/bytecode,inventory_only,excluded_generated_or_vendor,Third-party vendor or generated bytecode; not project source.
main,3e3f6e49da69b458a80fd9a0965852b6f0c87cb8,pipeline/__pycache__/sensitivity.cpython-311.pyc,a80d028a0322f1516985e112fa8296dd11fef97e,vendor/bytecode,inventory_only,excluded_generated_or_vendor,Third-party vendor or generated bytecode; not project source.
main,3e3f6e49da69b458a80fd9a0965852b6f0c87cb8,pipeline/__pycache__/sensitivity.cpython-313.pyc,939ed98b42e75eb830503a806f38b8acef8f76b1,vendor/bytecode,inventory_only,excluded_generated_or_vendor,Third-party vendor or generated bytecode; not project source.
main,3e3f6e49da69b458a80fd9a0965852b6f0c87cb8,pipeline/__pycache__/temporal.cpython-311.pyc,313124b2cfa86218b233ee9bd55dcfc86f265ec8,vendor/bytecode,inventory_only,excluded_generated_or_vendor,Third-party vendor or generated bytecode; not project source.
main,3e3f6e49da69b458a80fd9a0965852b6f0c87cb8,pipeline/__pycache__/temporal.cpython-313.pyc,45365598705fa2f7113de60d0d6aed9e8d2d8ca8,vendor/bytecode,inventory_only,excluded_generated_or_vendor,Third-party vendor or generated bytecode; not project source.
main,3e3f6e49da69b458a80fd9a0965852b6f0c87cb8,pipeline/clusters.py,baf66c0ab921f185a248265fdc9c1556498ee8d5,text,full_text_review,read,
main,3e3f6e49da69b458a80fd9a0965852b6f0c87cb8,pipeline/config.yaml,e7c99b9ab039db9cd621f09486c5de8d38684247,text,full_text_review,read,
main,3e3f6e49da69b458a80fd9a0965852b6f0c87cb8,pipeline/export.py,90f1e6cff07fe7ed1d6c9be3aafc7bb557a36f22,text,full_text_review,read,
main,3e3f6e49da69b458a80fd9a0965852b6f0c87cb8,pipeline/features.py,1241a839f1b796cddcea9a73fff29d9c95e81545,text,full_text_review,identical_to_reviewed,Same content as codex/ui-integration:pipeline/features.py
main,3e3f6e49da69b458a80fd9a0965852b6f0c87cb8,pipeline/flow.py,2b7d28a0c0715cc474bf0f6ec5c8959dc6da8bf0,text,full_text_review,read,
main,3e3f6e49da69b458a80fd9a0965852b6f0c87cb8,pipeline/frontier.py,05a34857379aec31dbaccd4a2f3ab4127abfd269,text,full_text_review,read,
main,3e3f6e49da69b458a80fd9a0965852b6f0c87cb8,pipeline/layout.py,f77a1b91a6fca8ea89f62b3a476ad2d6e30539b5,text,full_text_review,identical_to_reviewed,Same content as codex/ui-integration:pipeline/layout.py
main,3e3f6e49da69b458a80fd9a0965852b6f0c87cb8,pipeline/load.py,62f65647419571da5bf54cc9b40f56d814061b7d,text,full_text_review,identical_to_reviewed,Same content as codex/ui-integration:pipeline/load.py
main,3e3f6e49da69b458a80fd9a0965852b6f0c87cb8,pipeline/resilience.py,48df4ee6242c579e37e2fafe2dd240c76d89a2e5,text,full_text_review,read,
main,3e3f6e49da69b458a80fd9a0965852b6f0c87cb8,pipeline/roles.py,ca9cd006e9d49b1c3403847f53bf083ac34653bf,text,full_text_review,read,
main,3e3f6e49da69b458a80fd9a0965852b6f0c87cb8,pipeline/scoring.py,d5307e96c1e38c1becf1bb0976aacb2c8e76eb49,text,full_text_review,read,
main,3e3f6e49da69b458a80fd9a0965852b6f0c87cb8,pipeline/sensitivity.py,6e9f15ecfba204f94ae11c3f6e89ba5e1bbe8ffd,text,full_text_review,read,
main,3e3f6e49da69b458a80fd9a0965852b6f0c87cb8,pipeline/temporal.py,dc16231510e6be72fe4db66d82e7c99e5dbc1da8,text,full_text_review,read,
main,3e3f6e49da69b458a80fd9a0965852b6f0c87cb8,requirements.txt,ac1c8d2d5c45f7d11428acb7f780df1b97666a6e,text,full_text_review,identical_to_reviewed,Same content as codex/ui-integration:requirements.txt
main,3e3f6e49da69b458a80fd9a0965852b6f0c87cb8,review/check_contract.py,ef137e8674e8799723a2854d4c0be83850c7684a,text,full_text_review,identical_to_reviewed,Same content as codex/ui-integration:review/check_contract.py
main,3e3f6e49da69b458a80fd9a0965852b6f0c87cb8,review/check_rules.py,695644b77bdb13af208567e0841af8d0eda09a9a,text,full_text_review,identical_to_reviewed,Same content as codex/ui-integration:review/check_rules.py
main,3e3f6e49da69b458a80fd9a0965852b6f0c87cb8,review/out1/clusters.csv,73c394094c85a4bd68a22017a5285febd05e7e11,data,committed_csv_json_parse,parsed,
main,3e3f6e49da69b458a80fd9a0965852b6f0c87cb8,review/out1/features.parquet,c95455b295e169f33da2e4e35794d11a052a6cce,data,inventory_only,not_reviewed,Generated features parquet not independently parsed; CSV/JSON exports and source reviewed.
main,3e3f6e49da69b458a80fd9a0965852b6f0c87cb8,review/out1/graph.json,eab75ee72f3246d357ea762e11109fe8f9c8f6d3,data,committed_csv_json_parse,identical_to_reviewed,Same content as codex/ui-integration:review/out1/graph.json
main,3e3f6e49da69b458a80fd9a0965852b6f0c87cb8,review/out1/nodes_roles.csv,e0bf8cc6bb2728d5e895991165f3bc0613b9a095,data,committed_csv_json_parse,parsed,
main,3e3f6e49da69b458a80fd9a0965852b6f0c87cb8,review/out1/resilience.json,68e223450f8e629db1bdac9f8db69e84e296056d,data,committed_csv_json_parse,identical_to_reviewed,Same content as codex/ui-integration:out/resilience.json
main,3e3f6e49da69b458a80fd9a0965852b6f0c87cb8,review/out1/summary.json,e998e4613cee35c6d3682752a30071ea786a77ac,data,committed_csv_json_parse,parsed,
main,3e3f6e49da69b458a80fd9a0965852b6f0c87cb8,review/out1/top_nodes.csv,ab0dd17c372f6fc705671f020887b91d2cca1eb1,data,committed_csv_json_parse,identical_to_reviewed,Same content as codex/ui-integration:out/top_nodes.csv
main,3e3f6e49da69b458a80fd9a0965852b6f0c87cb8,review/out3/clusters.csv,a5fc08938999cce4438d9b26def60b70fbf8704b,data,committed_csv_json_parse,identical_to_reviewed,Same content as main:out/clusters.csv
main,3e3f6e49da69b458a80fd9a0965852b6f0c87cb8,review/out3/cycles.json,72f3b51e58f63fba8bee6e761c9d401d55db95ad,data,committed_csv_json_parse,parsed,
main,3e3f6e49da69b458a80fd9a0965852b6f0c87cb8,review/out3/features.parquet,f08bacdda81ba61424cdd23d198ba692fba92cd1,data,inventory_only,not_reviewed,Generated features parquet not independently parsed; CSV/JSON exports and source reviewed.
main,3e3f6e49da69b458a80fd9a0965852b6f0c87cb8,review/out3/graph.json,ed630caeb413ad695f4d9c41be36c4aacbe78afa,data,committed_csv_json_parse,parsed,
main,3e3f6e49da69b458a80fd9a0965852b6f0c87cb8,review/out3/nodes_roles.csv,a7c82984b40b517df55122c170e70bdf6d9044b7,data,committed_csv_json_parse,parsed,
main,3e3f6e49da69b458a80fd9a0965852b6f0c87cb8,review/out3/resilience.json,a4a3435c5d46dc68eb4ca83b328771d4604e7c8e,data,committed_csv_json_parse,identical_to_reviewed,Same content as main:out/resilience.json
main,3e3f6e49da69b458a80fd9a0965852b6f0c87cb8,review/out3/summary.json,96ef891e43ce35e92f692e3acf7b212219b614c1,data,committed_csv_json_parse,parsed,
main,3e3f6e49da69b458a80fd9a0965852b6f0c87cb8,review/out3/top_nodes.csv,5445858e0408e6b2ea338d077e75b2997aee378d,data,committed_csv_json_parse,identical_to_reviewed,Same content as main:out/top_nodes.csv
main,3e3f6e49da69b458a80fd9a0965852b6f0c87cb8,scripts/__pycache__/make_mock_out.cpython-313.pyc,7995a330937dcd9181bd663b4bc4878ed402f292,vendor/bytecode,inventory_only,excluded_generated_or_vendor,Third-party vendor or generated bytecode; not project source.
main,3e3f6e49da69b458a80fd9a0965852b6f0c87cb8,scripts/__pycache__/make_mock_out.cpython-314.pyc,30f58b8ff9a57bd4c707208372b4ab9d4f5d2a9c,vendor/bytecode,inventory_only,excluded_generated_or_vendor,Third-party vendor or generated bytecode; not project source.
main,3e3f6e49da69b458a80fd9a0965852b6f0c87cb8,scripts/make_mock_out.py,408a16ae59a0dc7c4205488f0809f9400d939df4,text,full_text_review,identical_to_reviewed,Same content as codex/ui-integration:scripts/make_mock_out.py
main,3e3f6e49da69b458a80fd9a0965852b6f0c87cb8,starter/README.md,56471688e23ca1d42387227bf8a814ac05f9ba81,text,full_text_review,identical_to_reviewed,Same content as codex/ui-integration:starter/README.md
main,3e3f6e49da69b458a80fd9a0965852b6f0c87cb8,starter/requirements.txt,b3d998a6f388d2135f7bac7ae3a95a80f1133148,text,full_text_review,identical_to_reviewed,Same content as codex/ui-integration:starter/requirements.txt
main,3e3f6e49da69b458a80fd9a0965852b6f0c87cb8,starter/starter.py,fd21468633d6b9d9d9a76ce008a3d09a5cdd917f,text,full_text_review,identical_to_reviewed,Same content as codex/ui-integration:starter/starter.py
main,3e3f6e49da69b458a80fd9a0965852b6f0c87cb8,tests/__pycache__/conftest.cpython-311-pytest-8.3.2.pyc,3e58f18f1adadc18a419d480d3e67e3a7729e543,vendor/bytecode,inventory_only,excluded_generated_or_vendor,Third-party vendor or generated bytecode; not project source.
main,3e3f6e49da69b458a80fd9a0965852b6f0c87cb8,tests/__pycache__/conftest.cpython-313-pytest-8.3.2.pyc,cb50892b6e8872d2b3ef3341b5e97282a69fdd10,vendor/bytecode,inventory_only,excluded_generated_or_vendor,Third-party vendor or generated bytecode; not project source.
main,3e3f6e49da69b458a80fd9a0965852b6f0c87cb8,tests/__pycache__/conftest.cpython-314-pytest-9.0.3.pyc,f7e20f1b88b29b7e8dbaa8683af182fe470157d5,vendor/bytecode,inventory_only,excluded_generated_or_vendor,Third-party vendor or generated bytecode; not project source.
main,3e3f6e49da69b458a80fd9a0965852b6f0c87cb8,tests/__pycache__/test_api.cpython-313-pytest-8.3.2.pyc,ddaa459e1d374e7bfc4b15ee993142e55efda48e,vendor/bytecode,inventory_only,excluded_generated_or_vendor,Third-party vendor or generated bytecode; not project source.
main,3e3f6e49da69b458a80fd9a0965852b6f0c87cb8,tests/__pycache__/test_api.cpython-314-pytest-9.0.3.pyc,0a1329f716ed509f51ea7f2cf97934c083fc7a76,vendor/bytecode,inventory_only,excluded_generated_or_vendor,Third-party vendor or generated bytecode; not project source.
main,3e3f6e49da69b458a80fd9a0965852b6f0c87cb8,tests/__pycache__/test_pipeline.cpython-311-pytest-8.3.2.pyc,fb1b95ffc15c3841486c991b53238dbd9abdbbbd,vendor/bytecode,inventory_only,excluded_generated_or_vendor,Third-party vendor or generated bytecode; not project source.
main,3e3f6e49da69b458a80fd9a0965852b6f0c87cb8,tests/__pycache__/test_pipeline.cpython-313-pytest-8.3.2.pyc,c95f687ae2e628a6f1d01a98125bf3ca8fb33b95,vendor/bytecode,inventory_only,excluded_generated_or_vendor,Third-party vendor or generated bytecode; not project source.
main,3e3f6e49da69b458a80fd9a0965852b6f0c87cb8,tests/__pycache__/test_pipeline.cpython-313.pyc,a7010c9d90ed7832f2b9d96f08ff9620fdf02842,vendor/bytecode,inventory_only,excluded_generated_or_vendor,Third-party vendor or generated bytecode; not project source.
main,3e3f6e49da69b458a80fd9a0965852b6f0c87cb8,tests/conftest.py,2a855d9fdb8debae0b082088580a4c41e499e33c,text,full_text_review,identical_to_reviewed,Same content as codex/ui-integration:tests/conftest.py
main,3e3f6e49da69b458a80fd9a0965852b6f0c87cb8,tests/test_api.py,44adab80698480a06313fd845f64ea0d94761c9c,text,full_text_review,identical_to_reviewed,Same content as codex/ui-integration:tests/test_api.py
main,3e3f6e49da69b458a80fd9a0965852b6f0c87cb8,tests/test_pipeline.py,8010310b21e195d4ff3e6e6f5ba6e18d4021735e,text,full_text_review,read,
main,3e3f6e49da69b458a80fd9a0965852b6f0c87cb8,web/app.js,886e63a3e59350b0236e551f04f15c45f80b3b1d,text,full_text_review,identical_to_reviewed,Same content as codex/ui-integration:web/app.js
main,3e3f6e49da69b458a80fd9a0965852b6f0c87cb8,web/index.html,f6449fc2ddaf4a737c708604505b38e1efc1ce49,text,full_text_review,identical_to_reviewed,Same content as codex/ui-integration:web/index.html
main,3e3f6e49da69b458a80fd9a0965852b6f0c87cb8,web/style.css,988e9593a34bfffe10b6c27023d732c1daa64158,text,full_text_review,identical_to_reviewed,Same content as codex/ui-integration:web/style.css
main,3e3f6e49da69b458a80fd9a0965852b6f0c87cb8,web/vendor/cytoscape.min.js,9a4615d1524d3f1e2f8aedb6f4a530d872214498,vendor/bytecode,inventory_only,excluded_generated_or_vendor,Third-party vendor or generated bytecode; not project source.
pipeline,3fcae5444bd3af717081d658a15768f48564d680,.gitignore,b93c37a69dae1b91449244e1928966e5adeb8d9b,text,full_text_review,read,
pipeline,3fcae5444bd3af717081d658a15768f48564d680,HackAlem_AI_Граф_денег_восстановление_финансовой_структуры_организованной.md,d463af36615c924c2c7d6350583a5bed14f6e926,text,full_text_review,identical_to_reviewed,Same content as codex/ui-integration:HackAlem_AI_Граф_денег_восстановление_финансовой_структуры_организованной.md
pipeline,3fcae5444bd3af717081d658a15768f48564d680,README.md,d45acdc89053dd2491d26d09c8798282fcda5f21,text,full_text_review,read,
pipeline,3fcae5444bd3af717081d658a15768f48564d680,agent-docs/config.yaml,87b6e7a9e954c043ff82454b59f033ee41cff137,text,full_text_review,read,
pipeline,3fcae5444bd3af717081d658a15768f48564d680,data/edges.parquet,a2f957eac43af647391523a5da77c625f5e12b66,data,source_data_invariants,identical_to_reviewed,Same content as codex/ui-integration:data/edges.parquet
pipeline,3fcae5444bd3af717081d658a15768f48564d680,data/nodes.parquet,a312bab63f4e5c4ed4471298789ffbdea612c1d7,data,source_data_invariants,identical_to_reviewed,Same content as codex/ui-integration:data/nodes.parquet
pipeline,3fcae5444bd3af717081d658a15768f48564d680,data/transactions.parquet,ab7f49293607c32f28f3daa9403fc7b0ea903ec1,data,source_data_invariants,identical_to_reviewed,Same content as codex/ui-integration:data/transactions.parquet
pipeline,3fcae5444bd3af717081d658a15768f48564d680,dataset 4.md,c151e1e61fea99b27e79b49406073dd9e192f80a,text,full_text_review,identical_to_reviewed,Same content as codex/ui-integration:dataset 4.md
pipeline,3fcae5444bd3af717081d658a15768f48564d680,pipeline/__init__.py,fc96f5b3788640fe0318ee8fb3854afbbb2babc2,text,full_text_review,identical_to_reviewed,Same content as codex/ui-integration:pipeline/__init__.py
pipeline,3fcae5444bd3af717081d658a15768f48564d680,pipeline/__main__.py,0b64e31c5a83ec5fd539ab68800fedcd5d54cef8,text,full_text_review,identical_to_reviewed,Same content as codex/ui-integration:pipeline/__main__.py
pipeline,3fcae5444bd3af717081d658a15768f48564d680,pipeline/clusters.py,a0730e106e1b3e59f50aa496f793cddb9df30c1c,text,full_text_review,identical_to_reviewed,Same content as codex/ui-integration:pipeline/clusters.py
pipeline,3fcae5444bd3af717081d658a15768f48564d680,pipeline/config.yaml,d4280b2507b61a3584e3e67a62575ca5f4259466,text,full_text_review,identical_to_reviewed,Same content as codex/ui-integration:pipeline/config.yaml
pipeline,3fcae5444bd3af717081d658a15768f48564d680,pipeline/export.py,c0fef5ebbeb46938ebcb125821963953775198be,text,full_text_review,identical_to_reviewed,Same content as codex/ui-integration:pipeline/export.py
pipeline,3fcae5444bd3af717081d658a15768f48564d680,pipeline/features.py,1241a839f1b796cddcea9a73fff29d9c95e81545,text,full_text_review,identical_to_reviewed,Same content as codex/ui-integration:pipeline/features.py
pipeline,3fcae5444bd3af717081d658a15768f48564d680,pipeline/layout.py,f77a1b91a6fca8ea89f62b3a476ad2d6e30539b5,text,full_text_review,identical_to_reviewed,Same content as codex/ui-integration:pipeline/layout.py
pipeline,3fcae5444bd3af717081d658a15768f48564d680,pipeline/load.py,62f65647419571da5bf54cc9b40f56d814061b7d,text,full_text_review,identical_to_reviewed,Same content as codex/ui-integration:pipeline/load.py
pipeline,3fcae5444bd3af717081d658a15768f48564d680,pipeline/roles.py,d9b8232d7a740f3a2b060d2e9d34a60884966620,text,full_text_review,identical_to_reviewed,Same content as codex/ui-integration:pipeline/roles.py
pipeline,3fcae5444bd3af717081d658a15768f48564d680,pipeline/scoring.py,6a7de6d703e01e47dd0679e2bcfb8d6bb75b672d,text,full_text_review,identical_to_reviewed,Same content as codex/ui-integration:pipeline/scoring.py
pipeline,3fcae5444bd3af717081d658a15768f48564d680,starter/README.md,56471688e23ca1d42387227bf8a814ac05f9ba81,text,full_text_review,identical_to_reviewed,Same content as codex/ui-integration:starter/README.md
pipeline,3fcae5444bd3af717081d658a15768f48564d680,starter/requirements.txt,b3d998a6f388d2135f7bac7ae3a95a80f1133148,text,full_text_review,identical_to_reviewed,Same content as codex/ui-integration:starter/requirements.txt
pipeline,3fcae5444bd3af717081d658a15768f48564d680,starter/starter.py,fd21468633d6b9d9d9a76ce008a3d09a5cdd917f,text,full_text_review,identical_to_reviewed,Same content as codex/ui-integration:starter/starter.py
pipeline,3fcae5444bd3af717081d658a15768f48564d680,tests/test_pipeline.py,b1b68857587c81dd99eb0f3c52ede30ef276c486,text,full_text_review,identical_to_reviewed,Same content as codex/ui-integration:tests/test_pipeline.py
stage2-extension,2b43466b18eff53fa605b96955f5716c4204bbee,.codex/config.toml,6456d5aa7c32b9f2cb361a6cf35d8c2cd0ff8ae1,text,full_text_review,identical_to_reviewed,Same content as codex/ui-integration:.codex/config.toml
stage2-extension,2b43466b18eff53fa605b96955f5716c4204bbee,.env.example,8392b334c70df8073cc61b0c6ce96f8362a4ddff,text,full_text_review,read,
stage2-extension,2b43466b18eff53fa605b96955f5716c4204bbee,.gitignore,a400b89d1a5df1e2e3f89486c5d9da8c27266e6a,text,full_text_review,read,
stage2-extension,2b43466b18eff53fa605b96955f5716c4204bbee,Dockerfile,f006af508f7ccc4b4bd471f7d706cf028a8cbf8e,text,full_text_review,read,
stage2-extension,2b43466b18eff53fa605b96955f5716c4204bbee,HackAlem_AI_Граф_денег_восстановление_финансовой_структуры_организованной.md,d463af36615c924c2c7d6350583a5bed14f6e926,text,full_text_review,identical_to_reviewed,Same content as codex/ui-integration:HackAlem_AI_Граф_денег_восстановление_финансовой_структуры_организованной.md
stage2-extension,2b43466b18eff53fa605b96955f5716c4204bbee,Makefile,77221faaa82dc8d286008285ac243e25efd73ec8,text,full_text_review,read,
stage2-extension,2b43466b18eff53fa605b96955f5716c4204bbee,README.md,7f1d2d267722416f78aa9c69ab657f15a6284fa8,text,full_text_review,read,
stage2-extension,2b43466b18eff53fa605b96955f5716c4204bbee,api/__init__.py,e69de29bb2d1d6434b8b29ae775ad8c2e48c5391,text,full_text_review,identical_to_reviewed,Same content as codex/ui-integration:api/__init__.py
stage2-extension,2b43466b18eff53fa605b96955f5716c4204bbee,api/__pycache__/__init__.cpython-314.pyc,b6a509697c6595886c35770ce36711c844203cce,vendor/bytecode,inventory_only,excluded_generated_or_vendor,Third-party vendor or generated bytecode; not project source.
stage2-extension,2b43466b18eff53fa605b96955f5716c4204bbee,api/__pycache__/main.cpython-314.pyc,b51e3ad3267cb2babb3ed4fa3ac22a55b8decbbe,vendor/bytecode,inventory_only,excluded_generated_or_vendor,Third-party vendor or generated bytecode; not project source.
stage2-extension,2b43466b18eff53fa605b96955f5716c4204bbee,api/assistant.py,25cfabc971899cccbe22e88d8858c12723f0d21a,text,full_text_review,read,
stage2-extension,2b43466b18eff53fa605b96955f5716c4204bbee,api/cards.py,08a357398de257d1a7e1d92476c1429c6d51f46e,text,full_text_review,read,
stage2-extension,2b43466b18eff53fa605b96955f5716c4204bbee,api/llm.py,6cdb75264b2c35e889a30500c2d966903bdd8cea,text,full_text_review,read,
stage2-extension,2b43466b18eff53fa605b96955f5716c4204bbee,api/main.py,8564d3ecaa98c2560a06ff3946b961b5894c1fcc,text,full_text_review,read,
stage2-extension,2b43466b18eff53fa605b96955f5716c4204bbee,data/edges.parquet,a2f957eac43af647391523a5da77c625f5e12b66,data,source_data_invariants,identical_to_reviewed,Same content as codex/ui-integration:data/edges.parquet
stage2-extension,2b43466b18eff53fa605b96955f5716c4204bbee,data/nodes.parquet,a312bab63f4e5c4ed4471298789ffbdea612c1d7,data,source_data_invariants,identical_to_reviewed,Same content as codex/ui-integration:data/nodes.parquet
stage2-extension,2b43466b18eff53fa605b96955f5716c4204bbee,data/transactions.parquet,ab7f49293607c32f28f3daa9403fc7b0ea903ec1,data,source_data_invariants,identical_to_reviewed,Same content as codex/ui-integration:data/transactions.parquet
stage2-extension,2b43466b18eff53fa605b96955f5716c4204bbee,dataset 4.md,c151e1e61fea99b27e79b49406073dd9e192f80a,text,full_text_review,identical_to_reviewed,Same content as codex/ui-integration:dataset 4.md
stage2-extension,2b43466b18eff53fa605b96955f5716c4204bbee,docker-compose.yml,7750e1acb0958dbf4bc7dab2be3717ead6da9c91,text,full_text_review,read,
stage2-extension,2b43466b18eff53fa605b96955f5716c4204bbee,docs/BREV_SETUP.md,c7b3058129c6a5d4a3fe245e615e285510d91c85,text,full_text_review,read,
stage2-extension,2b43466b18eff53fa605b96955f5716c4204bbee,out/clusters.csv,ccac5e26c037b4ab3b8cc13343eb59e7780c6d53,data,committed_csv_json_parse,identical_to_reviewed,Same content as codex/ui-integration:out/clusters.csv
stage2-extension,2b43466b18eff53fa605b96955f5716c4204bbee,out/features.parquet,98374a0ccf8f4d807eb5e966f4ad83f71aadb0ac,data,inventory_only,not_reviewed,Generated features parquet not independently parsed; CSV/JSON exports and source reviewed.
stage2-extension,2b43466b18eff53fa605b96955f5716c4204bbee,out/graph.json,a405934a279363e77e0d78b3b0c8290a6eb2e340,data,committed_csv_json_parse,identical_to_reviewed,Same content as codex/ui-integration:out/graph.json
stage2-extension,2b43466b18eff53fa605b96955f5716c4204bbee,out/nodes_roles.csv,3e9b2cd528db9133054f767de5281a51b67bbc97,data,committed_csv_json_parse,identical_to_reviewed,Same content as codex/ui-integration:out/nodes_roles.csv
stage2-extension,2b43466b18eff53fa605b96955f5716c4204bbee,out/resilience.json,68e223450f8e629db1bdac9f8db69e84e296056d,data,committed_csv_json_parse,identical_to_reviewed,Same content as codex/ui-integration:out/resilience.json
stage2-extension,2b43466b18eff53fa605b96955f5716c4204bbee,out/summary.json,d1fba69f288aac60b1b4b8125bc5633d99eb354f,data,committed_csv_json_parse,identical_to_reviewed,Same content as codex/ui-integration:out/summary.json
stage2-extension,2b43466b18eff53fa605b96955f5716c4204bbee,out/top_nodes.csv,ab0dd17c372f6fc705671f020887b91d2cca1eb1,data,committed_csv_json_parse,identical_to_reviewed,Same content as codex/ui-integration:out/top_nodes.csv
stage2-extension,2b43466b18eff53fa605b96955f5716c4204bbee,pipeline/__init__.py,fc96f5b3788640fe0318ee8fb3854afbbb2babc2,text,full_text_review,identical_to_reviewed,Same content as codex/ui-integration:pipeline/__init__.py
stage2-extension,2b43466b18eff53fa605b96955f5716c4204bbee,pipeline/__main__.py,0b64e31c5a83ec5fd539ab68800fedcd5d54cef8,text,full_text_review,identical_to_reviewed,Same content as codex/ui-integration:pipeline/__main__.py
stage2-extension,2b43466b18eff53fa605b96955f5716c4204bbee,pipeline/__pycache__/__init__.cpython-311.pyc,6e2809f6b16e9e39f5fc82096f28d449df9ef5fb,vendor/bytecode,inventory_only,excluded_generated_or_vendor,Third-party vendor or generated bytecode; not project source.
stage2-extension,2b43466b18eff53fa605b96955f5716c4204bbee,pipeline/__pycache__/__init__.cpython-313.pyc,efcc1e83b1c3479cb4bb62073ffe6c6533ce48f6,vendor/bytecode,inventory_only,excluded_generated_or_vendor,Third-party vendor or generated bytecode; not project source.
stage2-extension,2b43466b18eff53fa605b96955f5716c4204bbee,pipeline/__pycache__/__main__.cpython-311.pyc,9b5fd9d7f2b49d7c8e230a103996927e0aa31ab4,vendor/bytecode,inventory_only,excluded_generated_or_vendor,Third-party vendor or generated bytecode; not project source.
stage2-extension,2b43466b18eff53fa605b96955f5716c4204bbee,pipeline/__pycache__/__main__.cpython-313.pyc,4932828de7db9e5c03d7744983846e4fbd4483ef,vendor/bytecode,inventory_only,excluded_generated_or_vendor,Third-party vendor or generated bytecode; not project source.
stage2-extension,2b43466b18eff53fa605b96955f5716c4204bbee,pipeline/__pycache__/clusters.cpython-311.pyc,fffcc1299775a382c6098df432016ee0af90ea0c,vendor/bytecode,inventory_only,excluded_generated_or_vendor,Third-party vendor or generated bytecode; not project source.
stage2-extension,2b43466b18eff53fa605b96955f5716c4204bbee,pipeline/__pycache__/clusters.cpython-313.pyc,3fc10d72a21453603fe87334679a2a7069abe982,vendor/bytecode,inventory_only,excluded_generated_or_vendor,Third-party vendor or generated bytecode; not project source.
stage2-extension,2b43466b18eff53fa605b96955f5716c4204bbee,pipeline/__pycache__/export.cpython-311.pyc,427f67772eb163d11f959bc953c384302645ec36,vendor/bytecode,inventory_only,excluded_generated_or_vendor,Third-party vendor or generated bytecode; not project source.
stage2-extension,2b43466b18eff53fa605b96955f5716c4204bbee,pipeline/__pycache__/export.cpython-313.pyc,ab87dce3ebf93c4b098f3c08e1fb8d0d94da8b62,vendor/bytecode,inventory_only,excluded_generated_or_vendor,Third-party vendor or generated bytecode; not project source.
stage2-extension,2b43466b18eff53fa605b96955f5716c4204bbee,pipeline/__pycache__/features.cpython-311.pyc,65480cfe4a89ba7d03170653da931ee2d573ab40,vendor/bytecode,inventory_only,excluded_generated_or_vendor,Third-party vendor or generated bytecode; not project source.
stage2-extension,2b43466b18eff53fa605b96955f5716c4204bbee,pipeline/__pycache__/features.cpython-313.pyc,cd53ec595d2f9237bdd096d440f64519f6590d4e,vendor/bytecode,inventory_only,excluded_generated_or_vendor,Third-party vendor or generated bytecode; not project source.
stage2-extension,2b43466b18eff53fa605b96955f5716c4204bbee,pipeline/__pycache__/layout.cpython-311.pyc,08bd8c258f0e1cd4e01f00dbb5631e9b15fdb924,vendor/bytecode,inventory_only,excluded_generated_or_vendor,Third-party vendor or generated bytecode; not project source.
stage2-extension,2b43466b18eff53fa605b96955f5716c4204bbee,pipeline/__pycache__/layout.cpython-313.pyc,522e366f99099333f06e7c3dd654fe3dbfa6a364,vendor/bytecode,inventory_only,excluded_generated_or_vendor,Third-party vendor or generated bytecode; not project source.
stage2-extension,2b43466b18eff53fa605b96955f5716c4204bbee,pipeline/__pycache__/load.cpython-311.pyc,30e2e59e1d886b2bb0d041ebfe1927501657f94d,vendor/bytecode,inventory_only,excluded_generated_or_vendor,Third-party vendor or generated bytecode; not project source.
stage2-extension,2b43466b18eff53fa605b96955f5716c4204bbee,pipeline/__pycache__/load.cpython-313.pyc,b53adf792543b3dad8b3659cf6749121a1c8395c,vendor/bytecode,inventory_only,excluded_generated_or_vendor,Third-party vendor or generated bytecode; not project source.
stage2-extension,2b43466b18eff53fa605b96955f5716c4204bbee,pipeline/__pycache__/roles.cpython-311.pyc,357988adc1f6ad7aa6283dac31fede1dc49754bb,vendor/bytecode,inventory_only,excluded_generated_or_vendor,Third-party vendor or generated bytecode; not project source.
stage2-extension,2b43466b18eff53fa605b96955f5716c4204bbee,pipeline/__pycache__/roles.cpython-313.pyc,5e354ba30999bfc52debce06334bb6edfa00375a,vendor/bytecode,inventory_only,excluded_generated_or_vendor,Third-party vendor or generated bytecode; not project source.
stage2-extension,2b43466b18eff53fa605b96955f5716c4204bbee,pipeline/__pycache__/scoring.cpython-311.pyc,1f3c84e4500666d388371e9cc3fbf619fa33cfa8,vendor/bytecode,inventory_only,excluded_generated_or_vendor,Third-party vendor or generated bytecode; not project source.
stage2-extension,2b43466b18eff53fa605b96955f5716c4204bbee,pipeline/__pycache__/scoring.cpython-313.pyc,45e448c08baa5973f2f5e82af0a6d97a9124543c,vendor/bytecode,inventory_only,excluded_generated_or_vendor,Third-party vendor or generated bytecode; not project source.
stage2-extension,2b43466b18eff53fa605b96955f5716c4204bbee,pipeline/clusters.py,a0730e106e1b3e59f50aa496f793cddb9df30c1c,text,full_text_review,identical_to_reviewed,Same content as codex/ui-integration:pipeline/clusters.py
stage2-extension,2b43466b18eff53fa605b96955f5716c4204bbee,pipeline/config.yaml,d4280b2507b61a3584e3e67a62575ca5f4259466,text,full_text_review,identical_to_reviewed,Same content as codex/ui-integration:pipeline/config.yaml
stage2-extension,2b43466b18eff53fa605b96955f5716c4204bbee,pipeline/export.py,c0fef5ebbeb46938ebcb125821963953775198be,text,full_text_review,identical_to_reviewed,Same content as codex/ui-integration:pipeline/export.py
stage2-extension,2b43466b18eff53fa605b96955f5716c4204bbee,pipeline/features.py,5d6d894b2e0e1847e290cbed41172e3c12f093e9,text,full_text_review,read,
stage2-extension,2b43466b18eff53fa605b96955f5716c4204bbee,pipeline/layout.py,d0642427f1868487ba0df7bb4512f10be3c75294,text,full_text_review,read,
stage2-extension,2b43466b18eff53fa605b96955f5716c4204bbee,pipeline/load.py,62f65647419571da5bf54cc9b40f56d814061b7d,text,full_text_review,identical_to_reviewed,Same content as codex/ui-integration:pipeline/load.py
stage2-extension,2b43466b18eff53fa605b96955f5716c4204bbee,pipeline/roles.py,d9b8232d7a740f3a2b060d2e9d34a60884966620,text,full_text_review,identical_to_reviewed,Same content as codex/ui-integration:pipeline/roles.py
stage2-extension,2b43466b18eff53fa605b96955f5716c4204bbee,pipeline/scoring.py,6a7de6d703e01e47dd0679e2bcfb8d6bb75b672d,text,full_text_review,identical_to_reviewed,Same content as codex/ui-integration:pipeline/scoring.py
stage2-extension,2b43466b18eff53fa605b96955f5716c4204bbee,requirements.txt,60ecc92cc1056c57f0eed161e41748ddf6caf269,text,full_text_review,read,
stage2-extension,2b43466b18eff53fa605b96955f5716c4204bbee,review/check_contract.py,ef137e8674e8799723a2854d4c0be83850c7684a,text,full_text_review,identical_to_reviewed,Same content as codex/ui-integration:review/check_contract.py
stage2-extension,2b43466b18eff53fa605b96955f5716c4204bbee,review/check_rules.py,695644b77bdb13af208567e0841af8d0eda09a9a,text,full_text_review,identical_to_reviewed,Same content as codex/ui-integration:review/check_rules.py
stage2-extension,2b43466b18eff53fa605b96955f5716c4204bbee,review/out1/clusters.csv,ccac5e26c037b4ab3b8cc13343eb59e7780c6d53,data,committed_csv_json_parse,identical_to_reviewed,Same content as codex/ui-integration:out/clusters.csv
stage2-extension,2b43466b18eff53fa605b96955f5716c4204bbee,review/out1/features.parquet,c95455b295e169f33da2e4e35794d11a052a6cce,data,inventory_only,not_reviewed,Generated features parquet not independently parsed; CSV/JSON exports and source reviewed.
stage2-extension,2b43466b18eff53fa605b96955f5716c4204bbee,review/out1/graph.json,eab75ee72f3246d357ea762e11109fe8f9c8f6d3,data,committed_csv_json_parse,identical_to_reviewed,Same content as codex/ui-integration:review/out1/graph.json
stage2-extension,2b43466b18eff53fa605b96955f5716c4204bbee,review/out1/nodes_roles.csv,a64056d27877942619e84aa7ec88981e13fd894a,data,committed_csv_json_parse,identical_to_reviewed,Same content as codex/ui-integration:review/out1/nodes_roles.csv
stage2-extension,2b43466b18eff53fa605b96955f5716c4204bbee,review/out1/resilience.json,68e223450f8e629db1bdac9f8db69e84e296056d,data,committed_csv_json_parse,identical_to_reviewed,Same content as codex/ui-integration:out/resilience.json
stage2-extension,2b43466b18eff53fa605b96955f5716c4204bbee,review/out1/summary.json,fc481496e7cc4c365ab7c27e631340c48743ef9f,data,committed_csv_json_parse,identical_to_reviewed,Same content as codex/ui-integration:review/out1/summary.json
stage2-extension,2b43466b18eff53fa605b96955f5716c4204bbee,review/out1/top_nodes.csv,ab0dd17c372f6fc705671f020887b91d2cca1eb1,data,committed_csv_json_parse,identical_to_reviewed,Same content as codex/ui-integration:out/top_nodes.csv
stage2-extension,2b43466b18eff53fa605b96955f5716c4204bbee,review/out2/clusters.csv,ccac5e26c037b4ab3b8cc13343eb59e7780c6d53,data,committed_csv_json_parse,identical_to_reviewed,Same content as codex/ui-integration:out/clusters.csv
stage2-extension,2b43466b18eff53fa605b96955f5716c4204bbee,review/out2/features.parquet,c95455b295e169f33da2e4e35794d11a052a6cce,data,inventory_only,not_reviewed,Generated features parquet not independently parsed; CSV/JSON exports and source reviewed.
stage2-extension,2b43466b18eff53fa605b96955f5716c4204bbee,review/out2/graph.json,eab75ee72f3246d357ea762e11109fe8f9c8f6d3,data,committed_csv_json_parse,identical_to_reviewed,Same content as codex/ui-integration:review/out1/graph.json
stage2-extension,2b43466b18eff53fa605b96955f5716c4204bbee,review/out2/nodes_roles.csv,a64056d27877942619e84aa7ec88981e13fd894a,data,committed_csv_json_parse,identical_to_reviewed,Same content as codex/ui-integration:review/out1/nodes_roles.csv
stage2-extension,2b43466b18eff53fa605b96955f5716c4204bbee,review/out2/resilience.json,68e223450f8e629db1bdac9f8db69e84e296056d,data,committed_csv_json_parse,identical_to_reviewed,Same content as codex/ui-integration:out/resilience.json
stage2-extension,2b43466b18eff53fa605b96955f5716c4204bbee,review/out2/summary.json,7088232a523bcd4e3a13296b469eb41df7e4515d,data,committed_csv_json_parse,identical_to_reviewed,Same content as codex/ui-integration:review/out2/summary.json
stage2-extension,2b43466b18eff53fa605b96955f5716c4204bbee,review/out2/top_nodes.csv,ab0dd17c372f6fc705671f020887b91d2cca1eb1,data,committed_csv_json_parse,identical_to_reviewed,Same content as codex/ui-integration:out/top_nodes.csv
stage2-extension,2b43466b18eff53fa605b96955f5716c4204bbee,scripts/__pycache__/make_mock_out.cpython-314.pyc,30f58b8ff9a57bd4c707208372b4ab9d4f5d2a9c,vendor/bytecode,inventory_only,excluded_generated_or_vendor,Third-party vendor or generated bytecode; not project source.
stage2-extension,2b43466b18eff53fa605b96955f5716c4204bbee,scripts/clean_check.sh,82e41c7d2efae7568dd79ce769ad0b4d8cebb94d,text,full_text_review,read,
stage2-extension,2b43466b18eff53fa605b96955f5716c4204bbee,scripts/make_mock_out.py,408a16ae59a0dc7c4205488f0809f9400d939df4,text,full_text_review,identical_to_reviewed,Same content as codex/ui-integration:scripts/make_mock_out.py
stage2-extension,2b43466b18eff53fa605b96955f5716c4204bbee,starter/README.md,56471688e23ca1d42387227bf8a814ac05f9ba81,text,full_text_review,identical_to_reviewed,Same content as codex/ui-integration:starter/README.md
stage2-extension,2b43466b18eff53fa605b96955f5716c4204bbee,starter/requirements.txt,b3d998a6f388d2135f7bac7ae3a95a80f1133148,text,full_text_review,identical_to_reviewed,Same content as codex/ui-integration:starter/requirements.txt
stage2-extension,2b43466b18eff53fa605b96955f5716c4204bbee,starter/starter.py,fd21468633d6b9d9d9a76ce008a3d09a5cdd917f,text,full_text_review,identical_to_reviewed,Same content as codex/ui-integration:starter/starter.py
stage2-extension,2b43466b18eff53fa605b96955f5716c4204bbee,tests/__pycache__/conftest.cpython-314-pytest-9.0.3.pyc,f7e20f1b88b29b7e8dbaa8683af182fe470157d5,vendor/bytecode,inventory_only,excluded_generated_or_vendor,Third-party vendor or generated bytecode; not project source.
stage2-extension,2b43466b18eff53fa605b96955f5716c4204bbee,tests/__pycache__/test_api.cpython-314-pytest-9.0.3.pyc,0a1329f716ed509f51ea7f2cf97934c083fc7a76,vendor/bytecode,inventory_only,excluded_generated_or_vendor,Third-party vendor or generated bytecode; not project source.
stage2-extension,2b43466b18eff53fa605b96955f5716c4204bbee,tests/__pycache__/test_pipeline.cpython-313-pytest-8.3.2.pyc,fac656902f625d0914595155102ea73286f5ddbb,vendor/bytecode,inventory_only,excluded_generated_or_vendor,Third-party vendor or generated bytecode; not project source.
stage2-extension,2b43466b18eff53fa605b96955f5716c4204bbee,tests/conftest.py,2a855d9fdb8debae0b082088580a4c41e499e33c,text,full_text_review,identical_to_reviewed,Same content as codex/ui-integration:tests/conftest.py
stage2-extension,2b43466b18eff53fa605b96955f5716c4204bbee,tests/test_api.py,d0e86c5e5d3d0990675afcac55601a7e68ab9e7d,text,full_text_review,read,
stage2-extension,2b43466b18eff53fa605b96955f5716c4204bbee,tests/test_pipeline.py,b1b68857587c81dd99eb0f3c52ede30ef276c486,text,full_text_review,identical_to_reviewed,Same content as codex/ui-integration:tests/test_pipeline.py
stage2-extension,2b43466b18eff53fa605b96955f5716c4204bbee,web/app.js,ad81730cb6e6469ba0b0eced838e2b79c8693080,text,full_text_review,read,
stage2-extension,2b43466b18eff53fa605b96955f5716c4204bbee,web/index.html,d0ae83677041a5a511dc32dc0c34a1f4f4397082,text,full_text_review,read,
stage2-extension,2b43466b18eff53fa605b96955f5716c4204bbee,web/stage2.css,fea99f3c81d376eea0d23e03d144041798e2ba6c,text,full_text_review,read,
stage2-extension,2b43466b18eff53fa605b96955f5716c4204bbee,web/stage2c.css,f4eef771b15806d5a3fd4d1251271eb18d0cd535,text,full_text_review,read,
stage2-extension,2b43466b18eff53fa605b96955f5716c4204bbee,web/stage2c.js,90fc60a4b22e9bd78430bee48b6bf722032f8b6c,text,full_text_review,read,
stage2-extension,2b43466b18eff53fa605b96955f5716c4204bbee,web/stage2d.css,e01163eacc33a59d8a3a48bc78821f5f204639a2,text,full_text_review,read,
stage2-extension,2b43466b18eff53fa605b96955f5716c4204bbee,web/stage2d.js,1aba78ec034d8e5b698c558b084ecde0f168945d,text,full_text_review,read,
stage2-extension,2b43466b18eff53fa605b96955f5716c4204bbee,web/stage2e.css,07a07486115f49936f55fff0713dbef408fef3d0,text,full_text_review,read,
stage2-extension,2b43466b18eff53fa605b96955f5716c4204bbee,web/stage2e.js,3276948d6cf45d93c4c685681e6c3686589ea995,text,full_text_review,read,
stage2-extension,2b43466b18eff53fa605b96955f5716c4204bbee,web/style.css,988e9593a34bfffe10b6c27023d732c1daa64158,text,full_text_review,identical_to_reviewed,Same content as codex/ui-integration:web/style.css
stage2-extension,2b43466b18eff53fa605b96955f5716c4204bbee,web/vendor/chart.umd.min.js,06d52d4ec343cffc021971ef9427f6606ac9154e,vendor/bytecode,inventory_only,excluded_generated_or_vendor,Third-party vendor or generated bytecode; not project source.
stage2-extension,2b43466b18eff53fa605b96955f5716c4204bbee,web/vendor/cytoscape.min.js,9a4615d1524d3f1e2f8aedb6f4a530d872214498,vendor/bytecode,inventory_only,excluded_generated_or_vendor,Third-party vendor or generated bytecode; not project source.
stage2-final,f57bae495ee66fd578c5feff87ef84be96a3258c,.codex/config.toml,6456d5aa7c32b9f2cb361a6cf35d8c2cd0ff8ae1,text,full_text_review,identical_to_reviewed,Same content as codex/ui-integration:.codex/config.toml
stage2-final,f57bae495ee66fd578c5feff87ef84be96a3258c,.env.example,8392b334c70df8073cc61b0c6ce96f8362a4ddff,text,full_text_review,identical_to_reviewed,Same content as stage2-extension:.env.example
stage2-final,f57bae495ee66fd578c5feff87ef84be96a3258c,.gitignore,cd985043ed35efff5ed884c18c6795e5b27cf745,text,full_text_review,read,
stage2-final,f57bae495ee66fd578c5feff87ef84be96a3258c,Dockerfile,f006af508f7ccc4b4bd471f7d706cf028a8cbf8e,text,full_text_review,identical_to_reviewed,Same content as stage2-extension:Dockerfile
stage2-final,f57bae495ee66fd578c5feff87ef84be96a3258c,HackAlem_AI_Граф_денег_восстановление_финансовой_структуры_организованной.md,d463af36615c924c2c7d6350583a5bed14f6e926,text,full_text_review,identical_to_reviewed,Same content as codex/ui-integration:HackAlem_AI_Граф_денег_восстановление_финансовой_структуры_организованной.md
stage2-final,f57bae495ee66fd578c5feff87ef84be96a3258c,Makefile,77221faaa82dc8d286008285ac243e25efd73ec8,text,full_text_review,identical_to_reviewed,Same content as stage2-extension:Makefile
stage2-final,f57bae495ee66fd578c5feff87ef84be96a3258c,README.md,7f1d2d267722416f78aa9c69ab657f15a6284fa8,text,full_text_review,identical_to_reviewed,Same content as stage2-extension:README.md
stage2-final,f57bae495ee66fd578c5feff87ef84be96a3258c,api/__init__.py,e69de29bb2d1d6434b8b29ae775ad8c2e48c5391,text,full_text_review,identical_to_reviewed,Same content as codex/ui-integration:api/__init__.py
stage2-final,f57bae495ee66fd578c5feff87ef84be96a3258c,api/assistant.py,25cfabc971899cccbe22e88d8858c12723f0d21a,text,full_text_review,identical_to_reviewed,Same content as stage2-extension:api/assistant.py
stage2-final,f57bae495ee66fd578c5feff87ef84be96a3258c,api/cards.py,08a357398de257d1a7e1d92476c1429c6d51f46e,text,full_text_review,identical_to_reviewed,Same content as stage2-extension:api/cards.py
stage2-final,f57bae495ee66fd578c5feff87ef84be96a3258c,api/llm.py,6cdb75264b2c35e889a30500c2d966903bdd8cea,text,full_text_review,identical_to_reviewed,Same content as stage2-extension:api/llm.py
stage2-final,f57bae495ee66fd578c5feff87ef84be96a3258c,api/main.py,8564d3ecaa98c2560a06ff3946b961b5894c1fcc,text,full_text_review,identical_to_reviewed,Same content as stage2-extension:api/main.py
stage2-final,f57bae495ee66fd578c5feff87ef84be96a3258c,data/edges.parquet,a2f957eac43af647391523a5da77c625f5e12b66,data,source_data_invariants,identical_to_reviewed,Same content as codex/ui-integration:data/edges.parquet
stage2-final,f57bae495ee66fd578c5feff87ef84be96a3258c,data/nodes.parquet,a312bab63f4e5c4ed4471298789ffbdea612c1d7,data,source_data_invariants,identical_to_reviewed,Same content as codex/ui-integration:data/nodes.parquet
stage2-final,f57bae495ee66fd578c5feff87ef84be96a3258c,data/transactions.parquet,ab7f49293607c32f28f3daa9403fc7b0ea903ec1,data,source_data_invariants,identical_to_reviewed,Same content as codex/ui-integration:data/transactions.parquet
stage2-final,f57bae495ee66fd578c5feff87ef84be96a3258c,dataset 4.md,c151e1e61fea99b27e79b49406073dd9e192f80a,text,full_text_review,identical_to_reviewed,Same content as codex/ui-integration:dataset 4.md
stage2-final,f57bae495ee66fd578c5feff87ef84be96a3258c,docker-compose.yml,7750e1acb0958dbf4bc7dab2be3717ead6da9c91,text,full_text_review,identical_to_reviewed,Same content as stage2-extension:docker-compose.yml
stage2-final,f57bae495ee66fd578c5feff87ef84be96a3258c,docs/BREV_SETUP.md,c7b3058129c6a5d4a3fe245e615e285510d91c85,text,full_text_review,identical_to_reviewed,Same content as stage2-extension:docs/BREV_SETUP.md
stage2-final,f57bae495ee66fd578c5feff87ef84be96a3258c,docs/STAGE2_INTEGRATION_REPORT.md,463e778060c787c5e2c81b83481384cc86b8353f,text,full_text_review,read,
stage2-final,f57bae495ee66fd578c5feff87ef84be96a3258c,out/clusters.csv,11383b780885f4d84e4d1fd5ef87c93e17e9f121,data,committed_csv_json_parse,parsed,
stage2-final,f57bae495ee66fd578c5feff87ef84be96a3258c,out/features.parquet,98374a0ccf8f4d807eb5e966f4ad83f71aadb0ac,data,inventory_only,not_reviewed,Generated features parquet not independently parsed; CSV/JSON exports and source reviewed.
stage2-final,f57bae495ee66fd578c5feff87ef84be96a3258c,out/graph.json,0e56046c8ab2793aaa84da2b77dd1e594cdec031,data,committed_csv_json_parse,parsed,
stage2-final,f57bae495ee66fd578c5feff87ef84be96a3258c,out/nodes_roles.csv,8008f14773596eb5652e221896fc8a4fe005d20d,data,committed_csv_json_parse,parsed,
stage2-final,f57bae495ee66fd578c5feff87ef84be96a3258c,out/resilience.json,68e223450f8e629db1bdac9f8db69e84e296056d,data,committed_csv_json_parse,identical_to_reviewed,Same content as codex/ui-integration:out/resilience.json
stage2-final,f57bae495ee66fd578c5feff87ef84be96a3258c,out/summary.json,d1fba69f288aac60b1b4b8125bc5633d99eb354f,data,committed_csv_json_parse,identical_to_reviewed,Same content as codex/ui-integration:out/summary.json
stage2-final,f57bae495ee66fd578c5feff87ef84be96a3258c,out/top_nodes.csv,a45af206ae9eedb7fdaaac9694b49b4fc24b47f7,data,committed_csv_json_parse,parsed,
stage2-final,f57bae495ee66fd578c5feff87ef84be96a3258c,pipeline/__init__.py,fc96f5b3788640fe0318ee8fb3854afbbb2babc2,text,full_text_review,identical_to_reviewed,Same content as codex/ui-integration:pipeline/__init__.py
stage2-final,f57bae495ee66fd578c5feff87ef84be96a3258c,pipeline/__main__.py,0b64e31c5a83ec5fd539ab68800fedcd5d54cef8,text,full_text_review,identical_to_reviewed,Same content as codex/ui-integration:pipeline/__main__.py
stage2-final,f57bae495ee66fd578c5feff87ef84be96a3258c,pipeline/__pycache__/__init__.cpython-311.pyc,6e2809f6b16e9e39f5fc82096f28d449df9ef5fb,vendor/bytecode,inventory_only,excluded_generated_or_vendor,Third-party vendor or generated bytecode; not project source.
stage2-final,f57bae495ee66fd578c5feff87ef84be96a3258c,pipeline/__pycache__/__init__.cpython-313.pyc,efcc1e83b1c3479cb4bb62073ffe6c6533ce48f6,vendor/bytecode,inventory_only,excluded_generated_or_vendor,Third-party vendor or generated bytecode; not project source.
stage2-final,f57bae495ee66fd578c5feff87ef84be96a3258c,pipeline/__pycache__/__main__.cpython-311.pyc,9b5fd9d7f2b49d7c8e230a103996927e0aa31ab4,vendor/bytecode,inventory_only,excluded_generated_or_vendor,Third-party vendor or generated bytecode; not project source.
stage2-final,f57bae495ee66fd578c5feff87ef84be96a3258c,pipeline/__pycache__/__main__.cpython-313.pyc,4932828de7db9e5c03d7744983846e4fbd4483ef,vendor/bytecode,inventory_only,excluded_generated_or_vendor,Third-party vendor or generated bytecode; not project source.
stage2-final,f57bae495ee66fd578c5feff87ef84be96a3258c,pipeline/__pycache__/clusters.cpython-311.pyc,fffcc1299775a382c6098df432016ee0af90ea0c,vendor/bytecode,inventory_only,excluded_generated_or_vendor,Third-party vendor or generated bytecode; not project source.
stage2-final,f57bae495ee66fd578c5feff87ef84be96a3258c,pipeline/__pycache__/clusters.cpython-313.pyc,3fc10d72a21453603fe87334679a2a7069abe982,vendor/bytecode,inventory_only,excluded_generated_or_vendor,Third-party vendor or generated bytecode; not project source.
stage2-final,f57bae495ee66fd578c5feff87ef84be96a3258c,pipeline/__pycache__/export.cpython-311.pyc,427f67772eb163d11f959bc953c384302645ec36,vendor/bytecode,inventory_only,excluded_generated_or_vendor,Third-party vendor or generated bytecode; not project source.
stage2-final,f57bae495ee66fd578c5feff87ef84be96a3258c,pipeline/__pycache__/export.cpython-313.pyc,ab87dce3ebf93c4b098f3c08e1fb8d0d94da8b62,vendor/bytecode,inventory_only,excluded_generated_or_vendor,Third-party vendor or generated bytecode; not project source.
stage2-final,f57bae495ee66fd578c5feff87ef84be96a3258c,pipeline/__pycache__/features.cpython-311.pyc,65480cfe4a89ba7d03170653da931ee2d573ab40,vendor/bytecode,inventory_only,excluded_generated_or_vendor,Third-party vendor or generated bytecode; not project source.
stage2-final,f57bae495ee66fd578c5feff87ef84be96a3258c,pipeline/__pycache__/features.cpython-313.pyc,cd53ec595d2f9237bdd096d440f64519f6590d4e,vendor/bytecode,inventory_only,excluded_generated_or_vendor,Third-party vendor or generated bytecode; not project source.
stage2-final,f57bae495ee66fd578c5feff87ef84be96a3258c,pipeline/__pycache__/layout.cpython-311.pyc,08bd8c258f0e1cd4e01f00dbb5631e9b15fdb924,vendor/bytecode,inventory_only,excluded_generated_or_vendor,Third-party vendor or generated bytecode; not project source.
stage2-final,f57bae495ee66fd578c5feff87ef84be96a3258c,pipeline/__pycache__/layout.cpython-313.pyc,522e366f99099333f06e7c3dd654fe3dbfa6a364,vendor/bytecode,inventory_only,excluded_generated_or_vendor,Third-party vendor or generated bytecode; not project source.
stage2-final,f57bae495ee66fd578c5feff87ef84be96a3258c,pipeline/__pycache__/load.cpython-311.pyc,30e2e59e1d886b2bb0d041ebfe1927501657f94d,vendor/bytecode,inventory_only,excluded_generated_or_vendor,Third-party vendor or generated bytecode; not project source.
stage2-final,f57bae495ee66fd578c5feff87ef84be96a3258c,pipeline/__pycache__/load.cpython-313.pyc,b53adf792543b3dad8b3659cf6749121a1c8395c,vendor/bytecode,inventory_only,excluded_generated_or_vendor,Third-party vendor or generated bytecode; not project source.
stage2-final,f57bae495ee66fd578c5feff87ef84be96a3258c,pipeline/__pycache__/roles.cpython-311.pyc,357988adc1f6ad7aa6283dac31fede1dc49754bb,vendor/bytecode,inventory_only,excluded_generated_or_vendor,Third-party vendor or generated bytecode; not project source.
stage2-final,f57bae495ee66fd578c5feff87ef84be96a3258c,pipeline/__pycache__/roles.cpython-313.pyc,5e354ba30999bfc52debce06334bb6edfa00375a,vendor/bytecode,inventory_only,excluded_generated_or_vendor,Third-party vendor or generated bytecode; not project source.
stage2-final,f57bae495ee66fd578c5feff87ef84be96a3258c,pipeline/__pycache__/scoring.cpython-311.pyc,1f3c84e4500666d388371e9cc3fbf619fa33cfa8,vendor/bytecode,inventory_only,excluded_generated_or_vendor,Third-party vendor or generated bytecode; not project source.
stage2-final,f57bae495ee66fd578c5feff87ef84be96a3258c,pipeline/__pycache__/scoring.cpython-313.pyc,45e448c08baa5973f2f5e82af0a6d97a9124543c,vendor/bytecode,inventory_only,excluded_generated_or_vendor,Third-party vendor or generated bytecode; not project source.
stage2-final,f57bae495ee66fd578c5feff87ef84be96a3258c,pipeline/clusters.py,a0730e106e1b3e59f50aa496f793cddb9df30c1c,text,full_text_review,identical_to_reviewed,Same content as codex/ui-integration:pipeline/clusters.py
stage2-final,f57bae495ee66fd578c5feff87ef84be96a3258c,pipeline/config.yaml,d4280b2507b61a3584e3e67a62575ca5f4259466,text,full_text_review,identical_to_reviewed,Same content as codex/ui-integration:pipeline/config.yaml
stage2-final,f57bae495ee66fd578c5feff87ef84be96a3258c,pipeline/export.py,c0fef5ebbeb46938ebcb125821963953775198be,text,full_text_review,identical_to_reviewed,Same content as codex/ui-integration:pipeline/export.py
stage2-final,f57bae495ee66fd578c5feff87ef84be96a3258c,pipeline/features.py,5d6d894b2e0e1847e290cbed41172e3c12f093e9,text,full_text_review,identical_to_reviewed,Same content as stage2-extension:pipeline/features.py
stage2-final,f57bae495ee66fd578c5feff87ef84be96a3258c,pipeline/layout.py,d0642427f1868487ba0df7bb4512f10be3c75294,text,full_text_review,identical_to_reviewed,Same content as stage2-extension:pipeline/layout.py
stage2-final,f57bae495ee66fd578c5feff87ef84be96a3258c,pipeline/load.py,62f65647419571da5bf54cc9b40f56d814061b7d,text,full_text_review,identical_to_reviewed,Same content as codex/ui-integration:pipeline/load.py
stage2-final,f57bae495ee66fd578c5feff87ef84be96a3258c,pipeline/roles.py,d9b8232d7a740f3a2b060d2e9d34a60884966620,text,full_text_review,identical_to_reviewed,Same content as codex/ui-integration:pipeline/roles.py
stage2-final,f57bae495ee66fd578c5feff87ef84be96a3258c,pipeline/scoring.py,6a7de6d703e01e47dd0679e2bcfb8d6bb75b672d,text,full_text_review,identical_to_reviewed,Same content as codex/ui-integration:pipeline/scoring.py
stage2-final,f57bae495ee66fd578c5feff87ef84be96a3258c,requirements.txt,60ecc92cc1056c57f0eed161e41748ddf6caf269,text,full_text_review,identical_to_reviewed,Same content as stage2-extension:requirements.txt
stage2-final,f57bae495ee66fd578c5feff87ef84be96a3258c,review/check_contract.py,ef137e8674e8799723a2854d4c0be83850c7684a,text,full_text_review,identical_to_reviewed,Same content as codex/ui-integration:review/check_contract.py
stage2-final,f57bae495ee66fd578c5feff87ef84be96a3258c,review/check_rules.py,695644b77bdb13af208567e0841af8d0eda09a9a,text,full_text_review,identical_to_reviewed,Same content as codex/ui-integration:review/check_rules.py
stage2-final,f57bae495ee66fd578c5feff87ef84be96a3258c,review/out1/clusters.csv,ccac5e26c037b4ab3b8cc13343eb59e7780c6d53,data,committed_csv_json_parse,identical_to_reviewed,Same content as codex/ui-integration:out/clusters.csv
stage2-final,f57bae495ee66fd578c5feff87ef84be96a3258c,review/out1/features.parquet,c95455b295e169f33da2e4e35794d11a052a6cce,data,inventory_only,not_reviewed,Generated features parquet not independently parsed; CSV/JSON exports and source reviewed.
stage2-final,f57bae495ee66fd578c5feff87ef84be96a3258c,review/out1/graph.json,eab75ee72f3246d357ea762e11109fe8f9c8f6d3,data,committed_csv_json_parse,identical_to_reviewed,Same content as codex/ui-integration:review/out1/graph.json
stage2-final,f57bae495ee66fd578c5feff87ef84be96a3258c,review/out1/nodes_roles.csv,a64056d27877942619e84aa7ec88981e13fd894a,data,committed_csv_json_parse,identical_to_reviewed,Same content as codex/ui-integration:review/out1/nodes_roles.csv
stage2-final,f57bae495ee66fd578c5feff87ef84be96a3258c,review/out1/resilience.json,68e223450f8e629db1bdac9f8db69e84e296056d,data,committed_csv_json_parse,identical_to_reviewed,Same content as codex/ui-integration:out/resilience.json
stage2-final,f57bae495ee66fd578c5feff87ef84be96a3258c,review/out1/summary.json,fc481496e7cc4c365ab7c27e631340c48743ef9f,data,committed_csv_json_parse,identical_to_reviewed,Same content as codex/ui-integration:review/out1/summary.json
stage2-final,f57bae495ee66fd578c5feff87ef84be96a3258c,review/out1/top_nodes.csv,ab0dd17c372f6fc705671f020887b91d2cca1eb1,data,committed_csv_json_parse,identical_to_reviewed,Same content as codex/ui-integration:out/top_nodes.csv
stage2-final,f57bae495ee66fd578c5feff87ef84be96a3258c,review/out2/clusters.csv,ccac5e26c037b4ab3b8cc13343eb59e7780c6d53,data,committed_csv_json_parse,identical_to_reviewed,Same content as codex/ui-integration:out/clusters.csv
stage2-final,f57bae495ee66fd578c5feff87ef84be96a3258c,review/out2/features.parquet,c95455b295e169f33da2e4e35794d11a052a6cce,data,inventory_only,not_reviewed,Generated features parquet not independently parsed; CSV/JSON exports and source reviewed.
stage2-final,f57bae495ee66fd578c5feff87ef84be96a3258c,review/out2/graph.json,eab75ee72f3246d357ea762e11109fe8f9c8f6d3,data,committed_csv_json_parse,identical_to_reviewed,Same content as codex/ui-integration:review/out1/graph.json
stage2-final,f57bae495ee66fd578c5feff87ef84be96a3258c,review/out2/nodes_roles.csv,a64056d27877942619e84aa7ec88981e13fd894a,data,committed_csv_json_parse,identical_to_reviewed,Same content as codex/ui-integration:review/out1/nodes_roles.csv
stage2-final,f57bae495ee66fd578c5feff87ef84be96a3258c,review/out2/resilience.json,68e223450f8e629db1bdac9f8db69e84e296056d,data,committed_csv_json_parse,identical_to_reviewed,Same content as codex/ui-integration:out/resilience.json
stage2-final,f57bae495ee66fd578c5feff87ef84be96a3258c,review/out2/summary.json,7088232a523bcd4e3a13296b469eb41df7e4515d,data,committed_csv_json_parse,identical_to_reviewed,Same content as codex/ui-integration:review/out2/summary.json
stage2-final,f57bae495ee66fd578c5feff87ef84be96a3258c,review/out2/top_nodes.csv,ab0dd17c372f6fc705671f020887b91d2cca1eb1,data,committed_csv_json_parse,identical_to_reviewed,Same content as codex/ui-integration:out/top_nodes.csv
stage2-final,f57bae495ee66fd578c5feff87ef84be96a3258c,scripts/clean_check.sh,82e41c7d2efae7568dd79ce769ad0b4d8cebb94d,text,full_text_review,identical_to_reviewed,Same content as stage2-extension:scripts/clean_check.sh
stage2-final,f57bae495ee66fd578c5feff87ef84be96a3258c,scripts/make_mock_out.py,408a16ae59a0dc7c4205488f0809f9400d939df4,text,full_text_review,identical_to_reviewed,Same content as codex/ui-integration:scripts/make_mock_out.py
stage2-final,f57bae495ee66fd578c5feff87ef84be96a3258c,starter/README.md,56471688e23ca1d42387227bf8a814ac05f9ba81,text,full_text_review,identical_to_reviewed,Same content as codex/ui-integration:starter/README.md
stage2-final,f57bae495ee66fd578c5feff87ef84be96a3258c,starter/requirements.txt,b3d998a6f388d2135f7bac7ae3a95a80f1133148,text,full_text_review,identical_to_reviewed,Same content as codex/ui-integration:starter/requirements.txt
stage2-final,f57bae495ee66fd578c5feff87ef84be96a3258c,starter/starter.py,fd21468633d6b9d9d9a76ce008a3d09a5cdd917f,text,full_text_review,identical_to_reviewed,Same content as codex/ui-integration:starter/starter.py
stage2-final,f57bae495ee66fd578c5feff87ef84be96a3258c,tests/conftest.py,2a855d9fdb8debae0b082088580a4c41e499e33c,text,full_text_review,identical_to_reviewed,Same content as codex/ui-integration:tests/conftest.py
stage2-final,f57bae495ee66fd578c5feff87ef84be96a3258c,tests/test_api.py,d0e86c5e5d3d0990675afcac55601a7e68ab9e7d,text,full_text_review,identical_to_reviewed,Same content as stage2-extension:tests/test_api.py
stage2-final,f57bae495ee66fd578c5feff87ef84be96a3258c,tests/test_pipeline.py,b1b68857587c81dd99eb0f3c52ede30ef276c486,text,full_text_review,identical_to_reviewed,Same content as codex/ui-integration:tests/test_pipeline.py
stage2-final,f57bae495ee66fd578c5feff87ef84be96a3258c,web/app.js,ad81730cb6e6469ba0b0eced838e2b79c8693080,text,full_text_review,identical_to_reviewed,Same content as stage2-extension:web/app.js
stage2-final,f57bae495ee66fd578c5feff87ef84be96a3258c,web/index.html,d0ae83677041a5a511dc32dc0c34a1f4f4397082,text,full_text_review,identical_to_reviewed,Same content as stage2-extension:web/index.html
stage2-final,f57bae495ee66fd578c5feff87ef84be96a3258c,web/stage2.css,fea99f3c81d376eea0d23e03d144041798e2ba6c,text,full_text_review,identical_to_reviewed,Same content as stage2-extension:web/stage2.css
stage2-final,f57bae495ee66fd578c5feff87ef84be96a3258c,web/stage2c.css,f4eef771b15806d5a3fd4d1251271eb18d0cd535,text,full_text_review,identical_to_reviewed,Same content as stage2-extension:web/stage2c.css
stage2-final,f57bae495ee66fd578c5feff87ef84be96a3258c,web/stage2c.js,90fc60a4b22e9bd78430bee48b6bf722032f8b6c,text,full_text_review,identical_to_reviewed,Same content as stage2-extension:web/stage2c.js
stage2-final,f57bae495ee66fd578c5feff87ef84be96a3258c,web/stage2d.css,e01163eacc33a59d8a3a48bc78821f5f204639a2,text,full_text_review,identical_to_reviewed,Same content as stage2-extension:web/stage2d.css
stage2-final,f57bae495ee66fd578c5feff87ef84be96a3258c,web/stage2d.js,1aba78ec034d8e5b698c558b084ecde0f168945d,text,full_text_review,identical_to_reviewed,Same content as stage2-extension:web/stage2d.js
stage2-final,f57bae495ee66fd578c5feff87ef84be96a3258c,web/stage2e.css,07a07486115f49936f55fff0713dbef408fef3d0,text,full_text_review,identical_to_reviewed,Same content as stage2-extension:web/stage2e.css
stage2-final,f57bae495ee66fd578c5feff87ef84be96a3258c,web/stage2e.js,3276948d6cf45d93c4c685681e6c3686589ea995,text,full_text_review,identical_to_reviewed,Same content as stage2-extension:web/stage2e.js
stage2-final,f57bae495ee66fd578c5feff87ef84be96a3258c,web/style.css,988e9593a34bfffe10b6c27023d732c1daa64158,text,full_text_review,identical_to_reviewed,Same content as codex/ui-integration:web/style.css
stage2-final,f57bae495ee66fd578c5feff87ef84be96a3258c,web/vendor/chart.umd.min.js,06d52d4ec343cffc021971ef9427f6606ac9154e,vendor/bytecode,inventory_only,excluded_generated_or_vendor,Third-party vendor or generated bytecode; not project source.
stage2-final,f57bae495ee66fd578c5feff87ef84be96a3258c,web/vendor/cytoscape.min.js,9a4615d1524d3f1e2f8aedb6f4a530d872214498,vendor/bytecode,inventory_only,excluded_generated_or_vendor,Third-party vendor or generated bytecode; not project source.
Team tasks,,00_START_HERE.md,52c94683a90136a7f30f3d522c3e05b67d82c03bb0e504d63fb8adcc34f10c98,text,full_text_review,read,
Team tasks,,01_SHARED_RULES.md,480ca7372455f641847f19ff751740b5a7ef84d07c47b9f0f5a8d62fa9f3edaf,text,full_text_review,read,
Team tasks,,02_PROMPT_PERSON_1_ANALYTICS.md,51b5c5940d1016b7ee887f5b86e46cb953feffe099e407c46eee10cd0b7dfeda,text,full_text_review,read,
Team tasks,,03_PROMPT_PERSON_2_PIPELINE_TESTS.md,739cca2baf121fe401166a1d107c1757491d22953c73bad456a7f54bce4ea538,text,full_text_review,read,
Team tasks,,05_CONTRACTS_V1.md,ac9edc84658d34abd70c1cf653627ee5a97ebbe06b5ee79408b5e996ba41c660,text,full_text_review,read,
Team tasks,,06_HOURLY_COMMITS_INTEGRATION.md,b599b80ab80835b1f777e5cc17f74f0d91d4af4017c3b199565506b32572f707,text,full_text_review,read,
Team tasks,,07_VALIDATION_CHECKLIST.md,2e06b7db52a01b620a79ee216270e678d878d2f02a5399b8da0f9750d569ec86,text,full_text_review,read,
Team tasks,,08_DATA_AND_METHOD_REVIEW.md,328ec5c1fd80efca390ee16fb08661064cd71356b9efe52b2a2fe260f8da09b7,text,full_text_review,read,
Team tasks,,09_TIMELINE_AND_DEMO.md,865a4761c9c4f2a75381b79dfb9828e352c0ee69258bc47742c3d749066f684e,text,full_text_review,read,
Team tasks,,10_README_OUTLINE.md,46ad1c6bd85257115070e18dcd32fe85ebae6038f41613d7a15c1dde94edd80e,text,full_text_review,read,
Team tasks,,11_HANDOFF_TEMPLATE.md,772286467f7b769cff5c186d1f5a5cf201911424854121908ef4f6eb8d10c46f,text,full_text_review,read,
Team tasks,,12_RECOVERY_AND_CHANGE_PROMPT.md,50db1ae895a9c255be01895992b7ae6685033bb365b8fe712c27d2bf807f6931,text,full_text_review,read,
Team tasks,,13_METHOD_REFERENCE.md,6cbfe33ad483d5b98c7288833706abd3d770622c46892858d56976f79e12ddbc,text,full_text_review,read,
Team tasks,,14_REVIEW_OTHER_AI.md,2c97ef3bb4a51189afe2daae46cfaaf6e2aac81030c2bf95d169b7cd52eb8912,text,full_text_review,read,
Team tasks,,15_OBSERVED_PROJECT_STATE.md,2a6096dee5b8432438dd9ad766a3b1be7fbb1f6a7e5f27ad75963222ab11f916,text,full_text_review,read,
Team tasks,,16_OWNERSHIP_TEMPLATE.md,4f9f4dff8b3ac75bdce54a02d375590193219f6960eae7aa58b11e5e5eeefcb6,text,full_text_review,read,
Team tasks,,PACKAGE_MANIFEST.json,807091006534b069bfe935c95175bd8d2b6800a083a3e7daf8e7f09c02b82ac3,text,full_text_review,read,
Team tasks,,pipeline_task_updates/AGENTS.md,692d5241731c0a5d4b0772b74f407b9c9719ffe48f208d888a87382296d5d982,text,full_text_review,read,
Team tasks,,pipeline_task_updates/CONFIG_MIGRATION.md,6aa8b142616b773aedcd94a3965a699c4aebd86f0074d50841bf2c96f88dc8fa,text,full_text_review,read,
Team tasks,,pipeline_task_updates/TASK.md,2daae06ae61e00de47e28827b8701723d256cad0c659fb6dfdf660b69a3e8d4e,text,full_text_review,read,
Team tasks,,reference/data_audit.json,3f299b3f8f40c6e70d1b0ce88a1836288b180cfb9c6da3345d78e7919eb53946,text,full_text_review,read,
Team tasks,,reference/demo_candidates.json,a256a669f57a87d6458b4ad187d270f3b6b8f53a49a82a625d61f1abd0397364,text,full_text_review,read,
Team tasks,,reference/graph_fixture.json,78329fc6d4f2751d5ca516e95124dcd997c8abbb48818bb46479279dc5696633,text,full_text_review,read,
My tasks,,00_START_HERE.md,52c94683a90136a7f30f3d522c3e05b67d82c03bb0e504d63fb8adcc34f10c98,text,full_text_review,identical_to_reviewed,Same content as Team tasks:00_START_HERE.md
My tasks,,01_SHARED_RULES.md,480ca7372455f641847f19ff751740b5a7ef84d07c47b9f0f5a8d62fa9f3edaf,text,full_text_review,identical_to_reviewed,Same content as Team tasks:01_SHARED_RULES.md
My tasks,,04_PROMPT_PERSON_3_UI_INTEGRATION.md,59b43944f876d131caeffabd51569f6921af9bc373477422774a82d596e9f84d,text,full_text_review,read,
My tasks,,05_CONTRACTS_V1.md,ac9edc84658d34abd70c1cf653627ee5a97ebbe06b5ee79408b5e996ba41c660,text,full_text_review,identical_to_reviewed,Same content as Team tasks:05_CONTRACTS_V1.md
My tasks,,06_HOURLY_COMMITS_INTEGRATION.md,b599b80ab80835b1f777e5cc17f74f0d91d4af4017c3b199565506b32572f707,text,full_text_review,identical_to_reviewed,Same content as Team tasks:06_HOURLY_COMMITS_INTEGRATION.md
My tasks,,11_HANDOFF_TEMPLATE.md,772286467f7b769cff5c186d1f5a5cf201911424854121908ef4f6eb8d10c46f,text,full_text_review,identical_to_reviewed,Same content as Team tasks:11_HANDOFF_TEMPLATE.md
My tasks,,12_RECOVERY_AND_CHANGE_PROMPT.md,50db1ae895a9c255be01895992b7ae6685033bb365b8fe712c27d2bf807f6931,text,full_text_review,identical_to_reviewed,Same content as Team tasks:12_RECOVERY_AND_CHANGE_PROMPT.md
My tasks,,14_REVIEW_OTHER_AI.md,2c97ef3bb4a51189afe2daae46cfaaf6e2aac81030c2bf95d169b7cd52eb8912,text,full_text_review,identical_to_reviewed,Same content as Team tasks:14_REVIEW_OTHER_AI.md
My tasks,,15_OBSERVED_PROJECT_STATE.md,2a6096dee5b8432438dd9ad766a3b1be7fbb1f6a7e5f27ad75963222ab11f916,text,full_text_review,identical_to_reviewed,Same content as Team tasks:15_OBSERVED_PROJECT_STATE.md
My tasks,,16_OWNERSHIP_TEMPLATE.md,4f9f4dff8b3ac75bdce54a02d375590193219f6960eae7aa58b11e5e5eeefcb6,text,full_text_review,identical_to_reviewed,Same content as Team tasks:16_OWNERSHIP_TEMPLATE.md
Данные хакатона,,data (1).zip,0ce15a932439d076033cba159ca7ede8bf49f188892bb4cc0809b1af49492d72,archive,isolated_extraction_and_hash_comparison,parsed,
Данные хакатона,,HackAlem_AI_Граф_денег_восстановление_финансовой_структуры_организованной.pdf,7741697f1d71b1c0b3e364ceac1d5fc11e9f72e8941ea7a0ee91571461ea290d,pdf,full_text_extraction; selected rendered pages visually checked,parsed,
Данные хакатона,,README.md,b75c54a5b2e653c21bc0fb87a7d422ee590daf4d380d224abbb4fa6d393df26e,text,full_text_review,read,
Данные хакатона,,starter (1).zip,89ca8991a81c19bb3880fa2012e34e3c95d3ea6293992ca818667371a04e7112,archive,isolated_extraction_and_hash_comparison,parsed,
Данные хакатона,,Инструкция_для_участников_HackAlem_AI.pdf,90ee9b4e214369400c6af4b526878a33dbb8c830c67bee8abb6cf6b1ebebefdf,pdf,full_text_extraction; selected rendered pages visually checked,parsed,
ИИ,,AGENTS.md,544ff17b0c1f079cfd2807390d7728dc5d26d102480f598f03af97527d77bcf7,text,full_text_review,read,
ИИ,,config.yaml,99999e386446a7f6c76baede37bb2299441c0e5fc76ec771f26f763556ec5ca3,text,full_text_review,read,
ИИ,,TASK.md,840ea21006f2c8248a5b812719f1cc4da046ef4859e5d0a26e3e8fbba5cd77a4,text,full_text_review,read,
extracted_archive,,starter (1)/starter/README.md,7e7024ab0ff98cb435a291112c55ece7f09a2c640490cd218a343b0c8a3d5a3c,archive_member,archive_member_review,read,Read/parsed in isolated extraction; originals unchanged.
extracted_archive,,starter (1)/starter/requirements.txt,ea287c15a50d9d30b0bac2eacf3f29f8515b0107e27597b9b6efa10bf6cd47a9,archive_member,archive_member_review,read,Read/parsed in isolated extraction; originals unchanged.
extracted_archive,,starter (1)/starter/starter.py,21a16355f8c6a7f19f6ab29163ab864638bdea20c55ae52262c591f93b95ee46,archive_member,archive_member_review,read,Read/parsed in isolated extraction; originals unchanged.
extracted_archive,,starter (1)/__MACOSX/starter/._README.md,958886261aa026c5975a1db00d4df304e774d382f4df654ff03b4878b62e448b,archive_member,archive_member_review,excluded_generated_or_vendor,macOS metadata
extracted_archive,,starter (1)/__MACOSX/starter/._requirements.txt,50f45b4bf45baa33b9cdeb59e4ca50b3415fc358c076fa65cc7de194523321e6,archive_member,archive_member_review,excluded_generated_or_vendor,macOS metadata
extracted_archive,,starter (1)/__MACOSX/starter/._starter.py,00daa3e6ab764c03853c0e5f95ea8e3c3cb03e7e685c4758142605e4788d8efd,archive_member,archive_member_review,excluded_generated_or_vendor,macOS metadata
extracted_archive,,data (1)/data/edges.parquet,4e71dde5cd3115bcb26e91202665532ee6581cf8233a9fc8059ea59fb7358a38,archive_member,archive_member_review,parsed,Read/parsed in isolated extraction; originals unchanged.
extracted_archive,,data (1)/data/nodes.parquet,d2a45b0df6e9352832d5fb09839d10b9e23f898156c3bab263b051b31cc0296d,archive_member,archive_member_review,parsed,Read/parsed in isolated extraction; originals unchanged.
extracted_archive,,data (1)/data/transactions.parquet,c30c5317b5439591dde86f2058dc47a3d19b2900c055ded994fe547f6fb7e7da,archive_member,archive_member_review,parsed,Read/parsed in isolated extraction; originals unchanged.
extracted_archive,,data (1)/__MACOSX/._data,382e520ec67f782753db3c554d713eba1bf29780a38c353f7dff83a0b26d7815,archive_member,archive_member_review,excluded_generated_or_vendor,macOS metadata
extracted_archive,,data (1)/__MACOSX/data/._edges.parquet,ca2d53cd08615d0c884c3af9817e5e3953c3093423d7e17132ee9bd9c99ff884,archive_member,archive_member_review,excluded_generated_or_vendor,macOS metadata
extracted_archive,,data (1)/__MACOSX/data/._nodes.parquet,dce7e63364925bbb9883b80ba40daecc0cd91f261bb5b1b55a412f84f73eec91,archive_member,archive_member_review,excluded_generated_or_vendor,macOS metadata
extracted_archive,,data (1)/__MACOSX/data/._transactions.parquet,dce7e63364925bbb9883b80ba40daecc0cd91f261bb5b1b55a412f84f73eec91,archive_member,archive_member_review,excluded_generated_or_vendor,macOS metadata
audit_instruction,,Аудит.md,b86714273b52891df1f3d322141d9c9bab29f17d69c3951eb854fd840dbdaa78,text,full_text_review,read,
