cluster_id,n_nodes,n_seed,sum_kzt_internal,top_gids,hypothesis,role_counts
0,19,19,0.0,100000000456947100;100000003265658100;100000003349739100;100000003770083100;100000004021459100,Изолированные клиенты без переводов ≥5000 KZT,"{""peripheral"": 19}"
1,212,1,25356979.71,100000008477350100;100000005124479100;100000008603629100;100000000437046100;100000008686313100,Распределительный узел: веерная рассылка на 67 получателей,"{""consolidator"": 1, ""coordinator"": 39, ""distributor"": 1, ""frontier"": 48, ""peripheral"": 46, ""terminal"": 74, ""transit"": 3}"
2,177,8,25034775.560000002,100000004156082100;100000005287097100;100000004188160100;100000005339662100;100000004394765100,"Сбор выручки: 8 seed → 2 точек консолидации, оборот 25.03 млн","{""consolidator"": 2, ""coordinator"": 12, ""frontier"": 15, ""peripheral"": 56, ""terminal"": 83, ""transit"": 9}"
3,175,3,22721610.85,100000008346837100;100000003115284100;100000002398779100;100000008304139100;100000004070318100,"Сбор выручки: 3 seed → 7 точек консолидации, оборот 22.72 млн","{""consolidator"": 7, ""coordinator"": 19, ""frontier"": 46, ""peripheral"": 52, ""terminal"": 46, ""transit"": 5}"
4,150,1,5518694.0,100000001697501100;100000004739664100;100000008737958100;100000003942602100;100000002733905100,Распределительный узел: веерная рассылка на 111 получателей,"{""coordinator"": 2, ""distributor"": 1, ""peripheral"": 6, ""terminal"": 139, ""transit"": 2}"
5,142,3,19525103.0,100000008165763100;100000003946524100;100000007311010100;100000008438656100;100000002723538100,"Сбор выручки: 3 seed → 2 точек консолидации, оборот 19.53 млн","{""consolidator"": 2, ""coordinator"": 12, ""frontier"": 18, ""peripheral"": 29, ""terminal"": 78, ""transit"": 3}"
6,179,1,44128708.620000005,100000008547948100;100000008710791100;100000002781227100;100000002718366100;100000008489922100,Распределительный узел: веерная рассылка на 36 получателей,"{""consolidator"": 1, ""coordinator"": 17, ""distributor"": 2, ""frontier"": 60, ""peripheral"": 35, ""terminal"": 62, ""transit"": 2}"
7,147,5,20832032.28,100000004015047100;100000005514161100;100000002838861100;100000002762076100;100000005578559100,"Сбор выручки: 5 seed → 3 точек консолидации, оборот 20.83 млн","{""consolidator"": 3, ""coordinator"": 10, ""distributor"": 3, ""frontier"": 29, ""peripheral"": 32, ""terminal"": 68, ""transit"": 2}"
8,144,0,30697593.1,100000000331309100;100000004315838100;100000008560717100;100000001330685100;100000006734214100,Распределительный узел: веерная рассылка на 99 получателей,"{""coordinator"": 9, ""frontier"": 50, ""peripheral"": 24, ""terminal"": 59, ""transit"": 2}"
9,120,0,4465650.0,100000002578405100;100000008493007100;100000000661131100;100000001149815100;100000001155773100,Распределительный узел: веерная рассылка на 116 получателей,"{""distributor"": 1, ""frontier"": 4, ""peripheral"": 4, ""terminal"": 110, ""transit"": 1}"
10,66,3,7625973.8,100000006889963100;100000007129492100;100000002679516100;100000001924185100;100000002957306100,Распределительный узел: веерная рассылка на 31 получателей,"{""coordinator"": 6, ""frontier"": 7, ""peripheral"": 21, ""terminal"": 31, ""transit"": 1}"
11,77,14,14261788.84,100000004403675100;100000004159526100;100000008104567100;100000005933757100;100000002605308100,"Сбор выручки: 14 seed → 3 точек консолидации, оборот 14.26 млн","{""consolidator"": 3, ""coordinator"": 3, ""distributor"": 1, ""frontier"": 12, ""peripheral"": 26, ""terminal"": 32}"
12,77,0,6309968.0,100000004400305100;100000001126374100;100000003068941100;100000008665380100;100000002645609100,Распределительный узел: веерная рассылка на 82 получателей,"{""coordinator"": 11, ""frontier"": 28, ""peripheral"": 8, ""terminal"": 26, ""transit"": 4}"
13,61,2,24045352.0,100000003265158100;100000004662806100;100000001253557100;100000000922570100;100000002973903100,Распределительный узел: веерная рассылка на 27 получателей,"{""coordinator"": 3, ""distributor"": 1, ""frontier"": 3, ""peripheral"": 22, ""terminal"": 29, ""transit"": 3}"
14,54,0,16858436.0,100000007442518100;100000005242320100;100000002670860100;100000001584286100;100000001287955100,Распределительный узел: веерная рассылка на 21 получателей,"{""coordinator"": 3, ""distributor"": 1, ""frontier"": 10, ""peripheral"": 10, ""terminal"": 30}"
15,54,0,8837054.530000001,100000007908818100;100000001857829100;100000005133757100;100000007170072100;100000001346560100,Распределительный узел: веерная рассылка на 16 получателей,"{""coordinator"": 2, ""frontier"": 19, ""peripheral"": 13, ""terminal"": 18, ""transit"": 2}"
16,42,0,4121910.0,100000001530983100;100000002293421100;100000002939838100;100000000629812100;100000007777377100,Распределительный узел: веерная рассылка на 11 получателей,"{""consolidator"": 1, ""coordinator"": 1, ""frontier"": 15, ""peripheral"": 10, ""terminal"": 14, ""transit"": 1}"
17,42,0,5438969.0,100000004351795100;100000003242289100;100000008221543100;100000006225798100;100000001633685100,Распределительный узел: веерная рассылка на 23 получателей,"{""coordinator"": 4, ""distributor"": 1, ""frontier"": 7, ""peripheral"": 11, ""terminal"": 19}"
18,36,0,3634700.0,100000002870463100;100000008748408100;100000003509750100;100000005171642100;100000002692750100,Распределительный узел: веерная рассылка на 21 получателей,"{""coordinator"": 1, ""distributor"": 1, ""frontier"": 1, ""peripheral"": 10, ""terminal"": 20, ""transit"": 3}"
19,29,1,6442820.0,100000007594394100;100000008546855100;100000005661829100;100000003854444100;100000003873332100,Распределительный узел: веерная рассылка на 14 получателей,"{""consolidator"": 1, ""coordinator"": 1, ""frontier"": 5, ""peripheral"": 7, ""terminal"": 13, ""transit"": 2}"
20,25,5,3432300.0,100000005074393100;100000008733194100;100000004480280100;100000006424479100;100000000943371100,Распределительный узел: веерная рассылка на 8 получателей,"{""coordinator"": 2, ""frontier"": 4, ""peripheral"": 9, ""terminal"": 10}"
21,29,0,446070.0,100000001164648100;100000008460102100;100000001299443100;100000001325618100;100000001590795100,Распределительный узел: веерная рассылка на 31 получателей,"{""coordinator"": 1, ""distributor"": 1, ""frontier"": 27}"
22,21,0,2707265.0,100000005519998100;100000004336312100;100000004076740100;100000007382543100;100000003219438100,"Состав ролей: frontier 7, peripheral 8, terminal 4, transit 2","{""frontier"": 7, ""peripheral"": 8, ""terminal"": 4, ""transit"": 2}"
23,17,1,2977887.0,100000004144536100;100000004160650100;100000002731501100;100000003616818100;100000003031890100,Периферийный фрагмент одного seed,"{""frontier"": 1, ""peripheral"": 9, ""terminal"": 7}"
24,13,1,1392916.0,100000001380054100;100000003617552100;100000004192865100;100000004463277100;100000005669845100,Периферийный фрагмент одного seed,"{""peripheral"": 7, ""terminal"": 6}"
25,11,0,432700.0,100000001601320100;100000000031787100;100000000267734100;100000002842337100;100000004573782100,"Состав ролей: peripheral 3, terminal 6, transit 2","{""peripheral"": 3, ""terminal"": 6, ""transit"": 2}"
26,15,0,3626010.0,100000006704530100;100000008461532100;100000000791285100;100000000408846100;100000001819396100,"Состав ролей: frontier 6, peripheral 3, terminal 5, transit 1","{""frontier"": 6, ""peripheral"": 3, ""terminal"": 5, ""transit"": 1}"
27,15,0,850450.0,100000001526235100;100000005505655100;100000001788284100;100000002472632100;100000002708624100,"Состав ролей: frontier 6, peripheral 7, terminal 2","{""frontier"": 6, ""peripheral"": 7, ""terminal"": 2}"
28,12,0,2022500.0,100000003701161100;100000002267998100;100000003718221100;100000004580202100;100000001063678100,"Состав ролей: frontier 2, peripheral 5, terminal 5","{""frontier"": 2, ""peripheral"": 5, ""terminal"": 5}"
29,11,0,1868224.0,100000008603331100;100000004715209100;100000001046057100;100000001379511100;100000002646887100,"Состав ролей: frontier 5, peripheral 3, terminal 3","{""frontier"": 5, ""peripheral"": 3, ""terminal"": 3}"
30,9,0,3404688.0,100000002175422100;100000001317336100;100000003557488100;100000002212494100;100000003594472100,"Состав ролей: frontier 3, peripheral 4, terminal 2","{""frontier"": 3, ""peripheral"": 4, ""terminal"": 2}"
31,6,1,383300.0,100000004094958100;100000005363908100;100000004331458100;100000005546031100;100000005547096100,Транзитные цепочки: 2 узлов пропускают средства дальше,"{""peripheral"": 3, ""terminal"": 1, ""transit"": 2}"
32,6,1,1527967.0,100000000955444100;100000005183943100;100000007930878100;100000003888271100;100000007939160100,Периферийный фрагмент одного seed,"{""peripheral"": 3, ""terminal"": 3}"
33,6,1,275885.0,100000002462183100;100000005056870100;100000005807278100;100000005895525100;100000007175718100,Периферийный фрагмент одного seed,"{""peripheral"": 1, ""terminal"": 5}"
34,7,0,143000.0,100000005911352100;100000000507799100;100000004508696100;100000003962994100;100000005127767100,"Состав ролей: frontier 2, peripheral 3, terminal 2","{""frontier"": 2, ""peripheral"": 3, ""terminal"": 2}"
35,8,0,389000.0,100000005507142100;100000002612809100;100000005264874100;100000001825934100;100000000600707100,"Состав ролей: frontier 4, peripheral 4","{""frontier"": 4, ""peripheral"": 4}"
36,6,1,1615030.0,100000008193577100;100000008736940100;100000000307908100;100000008751429100;100000005456919100,Периферийный фрагмент одного seed,"{""peripheral"": 5, ""terminal"": 1}"
37,5,1,2809200.0,100000004135268100;100000002738256100;100000007507343100;100000004979498100;100000008571433100,Транзитные цепочки: 2 узлов пропускают средства дальше,"{""peripheral"": 2, ""terminal"": 1, ""transit"": 2}"
38,5,2,108007.0,100000006562026100;100000007347733100;100000008129393100;100000006249740100;100000006831291100,"Состав ролей: peripheral 2, terminal 3","{""peripheral"": 2, ""terminal"": 3}"
39,4,1,1404980.0,100000000785800100;100000002459163100;100000001872484100;100000008601794100,Транзитные цепочки: 1 узлов пропускают средства дальше,"{""peripheral"": 2, ""terminal"": 1, ""transit"": 1}"
40,4,1,79050.0,100000003148220100;100000006888238100;100000001852140100;100000004971871100,Периферийный фрагмент одного seed,"{""peripheral"": 3, ""terminal"": 1}"
41,3,1,450816.0,100000005034574100;100000007283257100;100000004388983100,Периферийный фрагмент одного seed,"{""peripheral"": 1, ""terminal"": 2}"
42,3,1,450000.0,100000000769919100;100000002371751100;100000007018630100,Периферийный фрагмент одного seed,"{""peripheral"": 2, ""terminal"": 1}"
43,2,1,81465.0,100000003865939100;100000005392290100,Периферийный фрагмент одного seed,"{""peripheral"": 1, ""terminal"": 1}"
44,2,1,30000.0,100000003980083100;100000003200071100,Периферийный фрагмент одного seed,"{""peripheral"": 1, ""terminal"": 1}"
